,multiplier,MSRSI_non_integerness,MBRSI_dispersion_non_integerness,MBRSM_dispersion,autocorrelation_hmmcopy,cv_hmmcopy,empty_bins_hmmcopy,mad_hmmcopy,mean_hmmcopy_reads_per_bin,median_hmmcopy_reads_per_bin,std_hmmcopy_reads_per_bin,total_mapped_reads_hmmcopy,total_halfiness,scaled_halfiness,mean_state_mads,mean_state_vars,mad_neutral_state,breakpoints,mean_copy,state_mode,log_likelihood,true_multiplier,cell_id,column,img_col,index_i5,index_i7,primer_i5,primer_i7,row,sample_type,cell_call,experimental_condition,order,is_s_phase,is_s_phase_prob,quality,total_duplicate_reads,fastqscreen_salmon_multihit,coverage_breadth,unpaired_duplicate_reads,median_insert_size,total_properly_paired,unpaired_mapped_reads,fastqscreen_salmon,total_mapped_reads,fastqscreen_nohit,mean_insert_size,coverage_depth,is_contaminated,fastqscreen_grch37,estimated_library_size,paired_mapped_reads,paired_duplicate_reads,fastqscreen_grch37_multihit,total_reads,standard_deviation_insert_size,percent_duplicate_reads,fastqscreen_mm10_multihit,fastqscreen_mm10,unmapped_reads,order_corrupt_tree,sample_id,library_id
0,2,0.0326451762569052,0.19134770359565886,0.19402131934211805,0.449340661951255,0.192950915744524,0,0.100497271335695,471.482649253731,479.0,92.2892048348576,2527147,528.520904764444,178.279104223778,0.0542220263892111,0.0462418544550599,0.0943199378758403,1,1.95788173354038,2,-1520.80647318048,2.0946665394190003,SA928-A73044A-R07-C03,3.0,70.0,i5-07,i7-03,TGTTGG,GTCCTT,7.0,C,C4,G1,646.0,False,0.09989817538059086,1.0,619077,99643,0.07792905143730561,3107,209.0,3540398,14904,99925,3623614,90559,241.750029,0.08453200000000001,False,3574745,4612122.0,1794607,307985,334743,3685482,138.74148799999998,0.17180208861086124,316010,316294,61868,0.0,SA928,A73044A
1,1,0.011867700839195,0.562168176172599,0.574800366586454,0.0840761987240562,0.467890826631678,0,0.619741512205468,8.64463125716469,8.0,4.12681207442688,45246,1075.97281112083,358.951804191642,0.560011823083494,0.6192861807065699,0.6068741128132861,0,2.01812037431858,2,-7750.92124086668,0.97736721726851,SA928-A73044A-R07-C04,4.0,69.0,i5-07,i7-04,TGTTGG,ATCAGT,7.0,C,C5,G1,255.0,False,0.2617079683791515,0.398,2588,1446,0.0011247970612699577,10,147.0,57004,1411,1724,59562,40209,174.91849399999995,0.00114,False,49095,315857.0,28951,1289,4679,89849,128.271327,0.04370036922765667,4366,4377,30287,,SA928,A73044A
2,4,0.13634134945052,0.383752928210946,0.357998906153849,0.5724074944975811,0.20306997190900106,0,0.110192983424962,455.003917910448,464.0,93.1271093883377,2438821,2738.39764873488,551.283868910827,0.0552987719946081,0.258981461576558,0.0610439275983663,144,4.0585905559752,4,-5868.57889588104,4.1929958726716805,SA928-A73044A-R07-C05,5.0,68.0,i5-07,i7-05,TGTTGG,TAGGAT,7.0,C,C1,G1,1119.0,False,0.1707865969607936,0.462,576502,98974,0.07575160862242412,2846,203.0,3412294,14738,99325,3494382,110756,234.791826,0.080821,False,3441142,4624220.0,1730071,286828,326729,3572118,134.336836,0.165940694354913,308189,308436,77736,,SA928,A73044A
3,2,0.0238982484875701,0.14505366356653304,0.139924071367578,0.666899224329626,0.167516069264806,0,0.0746928271155775,526.218242865137,538.0,90.17499431644899,2821056,641.2601611778209,214.99724966547905,0.0415441862838279,0.028432694584794,0.0698783579161477,1,1.94851502116297,2,-160.41797572466498,2.10617893662472,SA928-A73044A-R07-C06,6.0,67.0,i5-07,i7-06,TGTTGG,TGAGTG,7.0,C,C1,G1,647.0,False,0.13705100570842904,1.0,598817,109384,0.08532842847604984,3357,194.0,3877290,17621,109884,3969919,141646,223.421634,0.091473,False,3905774,5815671.0,1965518,297730,372000,4069550,126.030154,0.15168372436501829,350458,350713,99631,1.0,SA928,A73044A
4,2,0.0272128362650299,0.123705098902141,0.12078030571574196,0.6819598309598011,0.15701584860592402,0,0.0670533136175919,623.597388059702,637.0,100.52539454018101,3342482,408.44830908175004,137.517947157092,0.0355835483201745,0.0214705643380074,0.0622287304196314,5,1.9287185971871,2,693.5915580622501,2.0133782450031297,SA928-A73044A-R07-C07,7.0,66.0,i5-07,i7-07,TGTTGG,TTGCGG,7.0,C,C1,G1,222.0,False,0.13206687973044506,1.0,656777,128114,0.09872794676866427,3997,187.0,4540054,21025,128579,4649474,151215,214.985598,0.106415,False,4576612,7329545.0,2301584,326390,437015,4754061,118.981426,0.14206435587787966,410793,411128,104587,402.0,SA928,A73044A
5,2,0.0402411780754099,0.174966047402005,0.17462730872344598,0.5597467496902541,0.18072325379661,0,0.0925069370779822,494.366840731071,503.0,90.4407655288401,2650795,564.959534095564,190.095537013461,0.0498554702186016,0.039903067505339,0.0860318932098634,1,1.94574987146485,2,-1012.0308585292696,2.06569725526403,SA928-A73044A-R07-C08,8.0,65.0,i5-07,i7-08,TGTTGG,GGTTTC,7.0,C,C1,G1,645.0,False,0.09989817538059086,1.0,639655,105968,0.08145910350501692,3265,197.0,3717796,16341,106306,3806507,112936,227.793956,0.08696,False,3751712,4935019.0,1884782,318195,357184,3885928,128.84268899999998,0.16898495868227015,336327,336555,79421,2.0,SA928,A73044A
6,2,0.0466760504386301,0.17647826313168696,0.161538375137637,0.6180620169307739,0.176500291238534,0,0.0995207840440491,533.05931729155,542.0,95.59084443870121,2857731,1316.08084258705,446.643060991846,0.052142951279776,0.036939466447805,0.0924143001393229,1,1.8928507313986,2,-859.837927716834,1.8847257756598503,SA928-A73044A-R07-C09,9.0,64.0,i5-07,i7-09,TGTTGG,TAAGGC,7.0,C,C1,G1,644.0,False,0.12842851652544787,0.994,700467,113077,0.08679962567651096,3519,193.0,4016814,17089,113496,4111062,138398,221.993108,0.092701,False,4047338,5248667.0,2036015,348474,384781,4208503,124.371573,0.1713349501445177,361684,361983,97441,3.0,SA928,A73044A
7,2,0.0659961789057,0.232456604530873,0.228245206784194,0.469606156744361,0.21956436618167496,0,0.136840034190849,293.01511476021597,294.0,64.9901387639923,1570268,1131.2091986636901,379.9859601158181,0.0691365373566793,0.0972114578750017,0.127079990267044,1,1.96741305383292,2,-2703.78094281594,1.89234891511667,SA928-A73044A-R07-C10,10.0,63.0,i5-07,i7-10,TGTTGG,TCGGGA,7.0,C,C1,G1,643.0,False,0.09989817538059086,1.0,357769,64370,0.04981621688572917,1949,207.0,2187244,11223,64600,2242551,85772,240.051939,0.052494000000000006,False,2205540,3078652.0,1109369,177910,210457,2304372,137.915843,0.16047051943957766,198836,199007,61821,4.0,SA928,A73044A
8,2,0.0685263221444601,0.23578063102884,0.228779474780562,0.39950296988265904,0.226691052482455,0,0.12961782810131098,409.293656716418,420.0,93.47091553827542,2193814,1200.47686761763,410.176155964955,0.0716897634042779,0.0729113322283494,0.12055809623193,1,1.86205806955403,2,-2752.6030344817605,1.97640226670977,SA928-A73044A-R07-C11,11.0,62.0,i5-07,i7-11,TGTTGG,TTCGAA,7.0,C,C1,G1,642.0,False,0.1237560328486268,0.996,542926,88784,0.06846703251093947,2728,200.0,3098550,13639,89096,3173574,100088,231.131396,0.072648,False,3125153,4029905.0,1571127,270099,297066,3243527,130.83076100000002,0.1720723738098852,280256,280456,69953,5.0,SA928,A73044A
9,2,0.0488233463554049,0.2145133635505589,0.20995004420055705,0.476863795878599,0.238052328832154,0,0.11662813645366304,502.704401342783,525.0,121.194364372397,2695501,900.508836483859,303.855208463214,0.061153330411877,0.0802538216734432,0.106783060832826,4,1.87857446066124,2,-2682.97516753204,2.06412355440971,SA928-A73044A-R07-C12,12.0,61.0,i5-07,i7-12,TGTTGG,GCGGAC,7.0,C,C2,G1,216.0,False,0.13705100570842904,0.998,668445,103491,0.08216729446596982,3597,193.0,3802626,16923,103831,3892664,116330,222.484802,0.08769600000000001,False,3835449,4926548.0,1927627,332424,361873,3972953,124.086438,0.17265558883284518,340992,341234,80289,6.0,SA928,A73044A
10,2,0.0412827737475601,0.151898698107099,0.148612850851267,0.661287153868109,0.168907949343871,0,0.0820259244600927,552.107462686567,563.0,94.9849086936816,2959296,708.488208099182,239.425609039509,0.0421830880627914,0.045087555660478,0.0770398908944958,1,1.9728685057716,2,-366.541009120176,2.02144630724882,SA928-A73044A-R07-C13,13.0,60.0,i5-07,i7-13,TGTTGG,ATTGGC,7.0,C,C1,G1,641.0,False,0.12842851652544787,1.0,754848,118447,0.09089132752762737,3700,198.0,4186532,16408,118920,4283433,128895,227.53889300000003,0.097129,False,4218974,5264930.0,2121996,375574,401934,4371819,127.927888,0.17720918223640972,378762,379092,88386,7.0,SA928,A73044A
11,2,0.0311694031263099,0.16301252208667402,0.163468399505676,0.564468319195879,0.180721216310791,0,0.0910313333957798,596.328360991982,610.0,109.213425528222,3198109,527.7154036915762,180.743029396732,0.0506068348483981,0.0395948061907512,0.0835928013595661,1,1.9220687861585104,2,-783.110619260945,1.99051549750969,SA928-A73044A-R07-C14,14.0,59.0,i5-07,i7-14,TGTTGG,TGCTTT,7.0,C,C3,G1,640.0,False,0.12344439054746392,1.0,863141,129152,0.09710878594545166,4393,194.0,4575372,19242,129705,4681611,150509,223.733766,0.104133,False,4610162,5462413.0,2318765,429374,440036,4786557,125.708653,0.18538871991156106,414221,414600,104946,8.0,SA928,A73044A
12,2,8.90283651244772e-08,9.10398187947692e-08,4.44089209850063e-15,0.0439957925289613,0.521809850137593,0,0.9999997487902242,5.70273581053491,6.0,2.9757437242997904,27932,8777.504195244492,812.626310049328,0.17857142147780802,1.69526360612499,1.84934089153543e-08,3730,5.7027359000785,10,-4419.56280734771,2.0000004755875302,SA928-A73044A-R07-C15,15.0,58.0,i5-07,i7-15,TGTTGG,CCTATT,7.0,C,C3,G1,1180.0,False,0.15652481450186911,0.0,673,1107,0.0008850900862106269,5,222.0,32850,926,1111,34772,7068,253.199342,0.000895,False,33269,417664.0,16791,334,3223,40612,141.590779,0.019560681581082647,3066,3070,5840,,SA928,A73044A
13,2,0.03741019898391002,0.163392146757346,0.159723651783183,0.670673035228724,0.177567270649735,0,0.0873425937326937,557.365603432195,571.0,102.14079890881,2988037,611.639246187102,207.728920966805,0.0488069035623967,0.0351294477027764,0.0816974341654303,1,1.94723860688118,2,-641.38610881409,2.0280241501574703,SA928-A73044A-R07-C16,16.0,57.0,i5-07,i7-16,TGTTGG,TCTTCT,7.0,C,C3,G1,639.0,False,0.13705100570842904,1.0,808366,120236,0.09218825756279042,3808,201.0,4262540,16384,120667,4359557,117788,231.19978,0.09849,False,4296765,5054129.0,2159869,402279,409570,4438853,130.71463500000002,0.1864610820452008,386415,386724,79296,9.0,SA928,A73044A
14,2,0.036737747546933,0.188795211505504,0.18764727694736,0.5002689459828811,0.219088364758249,0,0.104808699032573,585.47052238806,611.0,130.855666006841,3138122,623.2195065277369,209.96578614942902,0.0538560403650526,0.0632332080185848,0.0957706759307752,1,1.86891604020698,2,-1903.1583669691504,2.04036849654667,SA928-A73044A-R07-C17,17.0,56.0,i5-07,i7-17,TGTTGG,ATAGAT,7.0,C,C2,G1,638.0,False,0.14326511767627187,0.998,876188,126633,0.09444261260070036,4094,188.0,4525528,17126,127052,4628828,125325,216.346635,0.101106,False,4562691,5240018.0,2293353,436047,438536,4713824,120.618278,0.1903492568799209,412219,412493,84996,10.0,SA928,A73044A
15,2,0.02119725590999,0.143743089885362,0.140465285432657,0.620738427604511,0.168560318017857,0,0.0792503276884069,525.098507462687,534.0,90.0070739979345,2814528,347.854010381857,118.86999730379401,0.0431376326308161,0.0297434591031764,0.0739307902041744,1,1.9369744459168896,2,-282.456503051749,1.97225799803319,SA928-A73044A-R07-C18,18.0,55.0,i5-07,i7-18,TGTTGG,CGCCTG,7.0,C,C3,G1,637.0,False,0.12842851652544787,1.0,691991,110325,0.08641713801523612,3737,199.0,3958240,18101,110690,4051690,116201,229.366679,0.092278,False,3993084,5159037.0,2006225,344127,376046,4131229,128.907328,0.1717221789278935,354887,355203,79539,11.0,SA928,A73044A
16,2,0.05731218959943001,0.211350277866954,0.205135736236918,0.4856643136994029,0.22413672661419395,0,0.11971896949021,617.87052238806,642.5,140.88890499128402,3311786,1011.16052791907,341.10783761930696,0.0622284193844016,0.0704165621727512,0.10970267077830698,1,1.875357039334,2,-2295.74949711536,1.98829737772459,SA928-A73044A-R07-C19,19.0,54.0,i5-07,i7-19,TGTTGG,CTAAGG,7.0,C,C2,G1,636.0,False,0.14326511767627187,0.998,873176,132608,0.09837846926090486,4856,186.0,4730740,22034,133111,4843034,147303,213.558709,0.105728,False,4770171,5794666.0,2397539,434160,460030,4944358,118.691524,0.181294933561852,432137,432463,101324,12.0,SA928,A73044A
17,2,1.1483180994975601e-07,1.2078273536886307e-07,4.44089209850063e-15,0.0482399549132026,0.522858035859029,0,0.999999830335982,3.9473293768546,4.0,2.06389292569254,15963,4339.44093113986,482.160241172613,0.0833334370335335,0.564538778660434,3.58207065120908e-08,3213,3.9473293856598,2,-1056.6458107129401,2.0000000874150903,SA928-A73044A-R07-C20,20.0,53.0,i5-07,i7-20,TGTTGG,TTATTC,7.0,C,C5,G2,1161.0,False,0.20547024756676235,0.0,293,960,0.0003509847760758294,1,156.0,18920,1148,1071,20791,21126,182.660377,0.000352,False,16465,319844.0,9713,146,2120,37933,129.554298,0.01424127539613104,2021,2033,17142,,SA928,A73044A
18,2,0.118831587653885,0.253251509017207,0.23027839770587,0.6035646426911451,0.243079188043542,0,0.156303029034556,564.719962686567,575.0,141.33580373239099,3026899,1969.1782707153304,698.9354421941431,0.0852797985266835,0.0783452585471908,0.13749399215097,60,1.86642268591729,2,-3192.31611150395,1.84544470643933,SA928-A73044A-R07-C21,21.0,52.0,i5-07,i7-21,TGTTGG,TGGAGC,7.0,C,C1,G2,156.0,False,0.19337649180959526,0.8740000000000001,720321,126131,0.09445553608260844,3661,213.0,4235692,17623,126543,4336393,124593,245.838086,0.102123,False,4272180,5696768.0,2147228,358330,411479,4421932,140.227867,0.16708390546648147,388758,389047,85539,13.0,SA928,A73044A
19,2,0.08406254933447,0.24378755518206696,0.22855142260414305,0.634814479553548,0.267934535052222,0,0.146287790178151,438.6379921627169,452.0,122.871526559122,2350661,1321.24086729801,474.660283821015,0.0806799028698552,0.121986399579179,0.12464824218450996,102,1.87969657111314,2,-3403.0734637849896,2.00854080774274,SA928-A73044A-R07-C22,22.0,51.0,i5-07,i7-22,TGTTGG,CTTCGA,7.0,C,C1,G2,148.0,False,0.2813395922845438,0.982,570109,94114,0.07472779400049286,2789,219.0,3272980,13831,94416,3344159,92695,253.41015,0.079661,False,3296877,4268253.0,1656563,283660,316321,3407462,146.240398,0.1713965644882095,299856,300116,63303,14.0,SA928,A73044A
20,4,0.119999996178675,0.15999982975066002,9.561926361811858e-09,0.0592896386215765,0.5101110425649651,0,0.500000014993115,6.55196990694912,6.0,3.34223225041706,33094,17958.2264587754,1729.23767151823,0.0500001381281883,1.85631554838407,3.15067585077156e-08,3204,6.68300947915339,10,-12083.9096153827,4.08000059606768,SA928-A73044A-R07-C23,23.0,50.0,i5-07,i7-23,TGTTGG,GGAGAA,7.0,C,C1,G2,959.0,False,0.1531654287895422,0.008,762,1107,0.000982247107883801,6,214.0,38400,1543,1120,40960,11533,242.718972,0.000992,False,38735,500769.0,19584,378,3529,50549,135.132246,0.018717299992630984,3367,3384,9589,,SA928,A73044A
21,2,0.0883466372776349,0.22367371509663805,0.20561356595174896,0.560260904019135,0.21026282616886605,0,0.122544176008966,565.123320895522,570.0,120.11374956846599,3029061,1522.4034713462604,520.304346015624,0.063918160043949,0.0586703447488145,0.114309535846263,2,1.89524307652164,2,-2312.81795886006,1.94592672755957,SA928-A73044A-R07-C24,24.0,49.0,i5-07,i7-24,TGTTGG,TTTCAC,7.0,C,C1,G2,325.0,False,0.09491404940260688,0.996,762925,118763,0.09538715915109283,3651,218.0,4255052,16099,119113,4346279,101600,250.730875,0.102829,False,4288054,5369978.0,2153955,379637,402299,4412742,142.886079,0.17647488707817213,380363,380675,66463,15.0,SA928,A73044A
22,6,0.162466910450445,0.4913321185040721,0.480436164734341,0.563825438832717,0.199506179418058,0,0.120211328908976,661.458208955224,669.0,133.366950709247,3545416,4000.15588955525,602.099005139014,0.0713937251430605,0.547265992585484,0.0530089125729763,190,5.71085562668824,6,-7589.04405517034,5.9137222431681,SA928-A73044A-R07-C25,25.0,48.0,i5-07,i7-25,TGTTGG,GATCTG,7.0,C,C1,G2,1271.0,False,0.16018762285947302,0.458,873176,143511,0.1090890826617476,4682,210.0,4982196,20619,143935,5099832,130194,241.984655,0.118829,False,5028152,6477804.0,2525760,434247,477642,5186959,137.865095,0.1721829784238957,451120,451479,87127,,SA928,A73044A
23,2,0.04960019152905002,0.204404357283066,0.18993198193099106,0.5785620821241441,0.19479870006983105,0,0.114211278073929,657.8435285341291,661.0,130.810012668643,3527357,1393.2545290791,470.032879343227,0.0570601552013717,0.0508700802074165,0.10832719668477404,1,1.90132060736969,2,-1804.8397594016888,1.88745037080497,SA928-A73044A-R07-C26,26.0,47.0,i5-07,i7-26,TGTTGG,GCATTT,7.0,C,C1,G2,361.0,False,0.12344439054746392,0.994,916678,144418,0.10930896581212922,4718,213.0,5004114,21054,144925,5121246,153589,245.486773,0.119101,False,5045114,6179787.0,2536045,455980,480660,5227792,139.938861,0.1800137596737889,454149,454478,106546,16.0,SA928,A73044A
24,4,0.130248617605868,0.38145386177688106,0.367187563798084,0.575410749834981,0.211212191909668,0,0.111718571975171,539.5681775788099,547.0,115.062287910005,2892625,2768.15523949063,577.963224099238,0.0576428436401045,0.232601345878197,0.0687417059729243,134,3.97112661093898,4,-5923.357095033532,4.17605332987341,SA928-A73044A-R07-C27,27.0,46.0,i5-07,i7-27,TGTTGG,GTTTGT,7.0,C,C1,G2,1121.0,False,0.16580247098280965,0.434,702162,118168,0.09085314421143256,3686,216.0,4036262,16573,118566,4128933,114217,249.050008,0.09782,False,4069997,5284738.0,2044916,349238,386818,4207570,142.375867,0.17102989110913314,365721,366016,78637,,SA928,A73044A
25,6,0.132778275988185,0.5470303038190101,0.521912012207666,0.586663690306125,0.214956272322716,0,0.138093078013918,655.781384070136,659.0,142.63492943063102,3515644,4228.65067137067,596.103828686029,0.0644343783311935,0.548736613472273,,222,6.22411671291748,6,-8379.9079525114,5.94668925941465,SA928-A73044A-R07-C28,28.0,45.0,i5-07,i7-28,TGTTGG,CTATCT,7.0,C,C1,G2,1217.0,False,0.16018762285947302,0.4,894457,140885,0.10865428881053678,4805,212.0,4962126,19666,141321,5075929,117001,245.445168,0.118306,False,5005788,6241517.0,2514361,444826,475472,5151281,140.619303,0.17720765519607448,449363,449725,75352,,SA928,A73044A
26,2,0.111764514231061,0.224990721743714,0.208025211277791,0.5862966374467691,0.2400955314693569,0,0.13842036243865802,709.0744264129829,741.0,182.38991225943403,3801348,1609.00591406018,595.891754706219,0.0862774410673515,0.0901709657209408,0.119921093526821,84,1.86635890906083,2,-2901.96430739603,1.90283522476914,SA928-A73044A-R07-C29,29.0,44.0,i5-07,i7-29,TGTTGG,GCTCAT,7.0,C,C1,G2,155.0,False,0.2526287892247765,0.942,963839,159103,0.11468466234824612,4789,201.0,5387578,20014,159620,5515650,143379,232.05793,0.125541,False,5435240,6844616.0,2732282,479525,530808,5610738,132.634043,0.17576028638848787,500144,500482,95088,435.0,SA928,A73044A
27,2,0.042775789257532,0.18252882699504894,0.17714038887973,0.559800975653021,0.18724334280683105,0,0.0966100507038321,716.381902985075,728.0,136.733238776873,3839807,707.046398374797,237.018988587114,0.0501683665446755,0.0400932189379288,0.0913314477790959,1,1.93382034535408,2,-1241.7701700002901,2.05688732050695,SA928-A73044A-R07-C30,30.0,43.0,i5-07,i7-30,TGTTGG,GCCATG,7.0,C,C2,G2,635.0,False,0.12344439054746392,1.0,973055,153285,0.11649635174064145,5355,204.0,5419950,22271,153789,5544316,148155,235.74029,0.127305,False,5465509,6849934.0,2746370,483850,516685,5643989,133.374896,0.1764654685185578,487582,487936,99673,17.0,SA928,A73044A
28,2,2.2457039783319e-08,1.91033147078912e-08,4.6629367034256614e-15,0.00902799314985272,0.511863932220885,0,0.499999956701621,3.4881974248927,3.0,1.78548245441812,13004,2393.86477948548,575.162263783553,0.100000002620448,0.9374790044222192,6.3328926547256994e-09,2658,3.4881974494559502,2,742.036444165356,2.00000017875455,SA928-A73044A-R07-C31,31.0,42.0,i5-07,i7-31,TGTTGG,TTCTCG,7.0,C,C1,G2,846.0,False,0.1587802769128789,0.0,145,513,0.0003939454137571136,1,211.0,14726,691,516,15873,3720,242.366338,0.000397,False,15200,391346.0,7531,72,1482,19048,137.92836,0.009204595949977782,1424,1428,3175,,SA928,A73044A
29,6,0.14968936626245002,0.621735880017547,0.6042513210776329,0.525831080981909,0.24927968177885504,0,0.153594188296321,432.275,432.0,108.58065852047399,2316994,4096.946169512439,650.8998342175599,0.0841606905990354,0.9159401648908928,,185,5.6778260656422805,6,-9100.42365258355,6.030209837298733,SA928-A73044A-R07-C32,32.0,41.0,i5-07,i7-32,TGTTGG,TCCGTC,7.0,C,C1,G2,1280.0,False,0.16517174883745692,0.396,579345,94927,0.0736937293955038,3407,220.0,3267202,14389,95222,3344557,90320,254.123782,0.078718,False,3294772,4192346.0,1656008,287969,310654,3403958,145.992859,0.17419075548527616,294187,294483,59401,,SA928,A73044A
30,2,0.14247472618094,0.313413836524421,0.288222089186985,0.42447577837165296,0.30934066569705704,0,0.19453451457074106,237.741791044776,227.0,74.0135332546292,1274296,2615.5626228833607,822.824257869095,0.11794838271601,0.204015875941143,0.16136084762437,152,2.10452689036704,2,-5140.526024951289,1.91857885075182,SA928-A73044A-R07-C33,33.0,40.0,i5-07,i7-33,TGTTGG,TGTGCC,7.0,C,C1,G2,265.0,False,0.12516467560657185,0.362,300680,54049,0.04206027559504764,1470,228.0,1786470,7728,54214,1828651,56114,262.816408,0.044186,False,1801009,2429253.0,905417,149605,171832,1867623,151.835521,0.16537242062684693,162963,163118,38972,,SA928,A73044A
31,3,0.14154390014929,0.363635196258118,0.334367610144948,0.557546234581793,0.241314777204742,0,0.152775829991824,539.075947005038,544.0,132.968053266725,2888908,2672.53776906653,700.6338520765421,0.0851821273349713,0.206378532204202,0.0950362413597246,137,2.9595402787041603,3,-5566.289244814239,3.08830416882262,SA928-A73044A-R07-C34,34.0,39.0,i5-07,i7-34,TGTTGG,TGCCGA,7.0,C,C1,G2,747.0,False,0.1695952530118306,0.56,668616,113957,0.08992153580373309,3420,208.0,4016300,15198,114305,4105857,107841,237.957197,0.096892,False,4048274,5525873.0,2034650,332598,384849,4178209,132.370265,0.1637317486751126,364087,364368,72352,,SA928,A73044A
32,5,0.140304033732325,0.500807892333198,0.480123208405821,0.521990123438395,0.217905292416361,0,0.132671403566788,628.547388059701,633.0,137.770723131445,3369014,3660.082608206,616.847842215728,0.0674873931961224,0.384319383884068,0.0396104019593777,192,4.96007197368633,5,-7737.30607775484,5.12250155588936,SA928-A73044A-R07-C35,35.0,38.0,i5-07,i7-35,TGTTGG,AAACCT,7.0,C,C1,G2,1328.0,False,0.16580247098280965,0.422,884119,136699,0.1049973123936349,4055,214.0,4770484,16791,137086,4874041,96186,247.052642,0.113995,False,4812111,5800135.0,2415868,440032,456534,4934678,141.061555,0.1823797206863033,431612,431937,60637,,SA928,A73044A
33,2,1.7743509006518102e-07,2.15530120861729e-07,7.404156399104521e-09,0.0477931119393383,0.38441358679147897,0,1.8044962790675399e-07,2.63304612265585,2.0,1.01217872793464,5195,636.572044518675,70.21278668163049,2.1674943040395107e-07,0.585786688510594,,1581,5.26609221353602,4,1786.8042226405105,2.00000105237751,SA928-A73044A-R07-C36,36.0,37.0,i5-07,i7-36,TGTTGG,GGCCAC,7.0,C,NTC,G1,1201.0,False,0.2491600822051685,0.0,28,121,9.545497435707766e-05,0,168.0,5974,1032,145,7254,9670,192.52734,9.6e-05,False,5786,340854.0,3094,14,435,15520,130.50016200000002,0.003878116343490305,415,420,8266,,SA928,A73044A
34,2,0.0234326400344198,0.193834983379475,0.1941205022168989,0.426221037619836,0.191839516848114,0,0.110694359904056,609.613246268657,618.0,118.970833405726,3267527,437.0532804085421,147.751659604982,0.0631992532444734,0.0515830451259428,0.103627209725498,1,1.96455295750137,2,-1527.1124990744104,1.91393057035557,SA928-A73044A-R07-C37,37.0,36.0,i5-07,i7-37,TGTTGG,TCAAGT,7.0,C,C4,G1,634.0,False,0.12344439054746392,1.0,866474,128588,0.09798534101137396,4580,202.0,4644706,20842,128932,4755550,128741,233.278652,0.107825,False,4690140,5622269.0,2354687,430947,441353,4845046,132.260872,0.18321235224776208,416667,417025,89496,18.0,SA928,A73044A
35,4,7.389262002277519e-08,1.04347582796649e-07,1.0289829655008e-08,0.0282825704616415,0.353565398154394,0,3.68877262069134e-08,2.45526695526696,2.0,0.8680974471687521,3403,277.939721969264,41.9827114346145,5.25549319063678e-08,0.615839374090891,1.1341245587104304e-07,1048,4.9105339167629,4,1907.15144890346,3.9999999466136096,SA928-A73044A-R07-C38,38.0,35.0,i5-07,i7-38,TGTTGG,CGTACG,7.0,C,C5,S,986.0,False,0.2974050850954737,0.0,7,110,6.267415740576095e-05,1,167.0,3726,775,121,4693,4840,193.926423,6.3e-05,False,3992,633099.0,1950,3,314,8866,118.027481,0.001497326203208556,301,305,4173,,SA928,A73044A
36,5,0.38492097142591,0.451692540256882,0.127472240011872,0.0266773042557463,0.485581399297553,0,0.25383041767022,3.14752567693744,2.0,1.49032504886898,10113,12183.6570231996,1815.75487181943,0.10336815133998402,2.07022701770123,,1367,5.65692940076571,4,-9212.011451034821,4.7999304576228,SA928-A73044A-R07-C39,39.0,34.0,i5-07,i7-39,TGTTGG,AGATGT,7.0,C,C1,S,1014.0,False,0.31471418478505603,0.02,41,376,0.00025319350092165705,1,185.0,11334,941,383,12616,7138,216.119094,0.000254,False,11468,837617.0,5795,20,1104,18709,125.536414,0.003271885723405953,1056,1065,6093,,SA928,A73044A
37,3,0.137873845479445,0.304829866535895,0.263695958692808,0.634809163282003,0.30279222533162603,0,0.171277124796433,605.3102033202761,614.0,213.280293088993,3245068,3433.3940136993797,988.5961320439908,0.0803280357810902,0.17640634494751006,0.0921590217317473,474,2.59822868732669,3,-5624.13833268102,2.94910269973723,SA928-A73044A-R07-C40,40.0,33.0,i5-07,i7-40,TGTTGG,GATGCT,7.0,C,C1,S,717.0,True,0.9036171808755362,0.394,811221,119232,0.09918131862690076,3979,204.0,4508318,18250,119631,4598095,130710,235.368369,0.106893,False,4535519,5652606.0,2279422,403621,442340,4688091,132.914615,0.1772677161535245,418938,419260,89996,,SA928,A73044A
38,2,0.12869981381212,0.332493734731327,0.303839604438727,0.548211722925269,0.31121592479187604,0,0.200678905648962,638.537385791535,622.0,230.293911285527,3424476,2454.28859470516,831.0243173998648,0.15764434580016698,0.247573680643651,0.170358717913694,135,1.9493568674720705,2,-4951.77038298823,1.99722813021228,SA928-A73044A-R07-C41,41.0,32.0,i5-07,i7-41,TGTTGG,AGGAAT,7.0,C,C2,S,32.0,True,0.9393882793157858,0.35600000000000004,861794,126876,0.10262236995628346,4008,194.0,4776102,17389,127309,4871224,121885,223.692585,0.110932,False,4808219,5971713.0,2415586,428893,473710,4953647,126.254741,0.17777480782442462,447074,447385,82423,,SA928,A73044A
39,2,0.13412884589473,0.301294496146151,0.27816316191972,0.5862957362142671,0.288499926904133,0,0.164914245448785,611.069589552239,624.0,206.360111059026,3275333,2007.12653676148,719.343107687597,0.118292329054172,0.140005267545823,0.14733511243831698,59,1.82735456772458,2,-4197.0907093506,2.0442549738902698,SA928-A73044A-R07-C42,42.0,31.0,i5-07,i7-42,TGTTGG,AAAATG,7.0,C,C1,S,119.0,True,0.9040148777014172,0.406,873672,121485,0.10043109957775707,4720,207.0,4599922,20253,121896,4690811,139235,239.002815,0.108398,False,4625578,5419140.0,2324897,434476,449238,4786472,135.81536200000002,0.18711160722793585,425693,426024,95661,,SA928,A73044A
40,3,0.2042823306133,1.50190095451812,1.08490173420781,0.0662564169957147,0.507381377253458,0,0.9985920416179128,5.734591194968551,5.0,2.96282950246718,27354,26734.295723949,2611.693137467111,0.399856237682126,7.89556952858133,,1423,8.22851853657647,11,-14171.1683940318,2.98828324602397,SA928-A73044A-R07-C43,43.0,30.0,i5-07,i7-43,TGTTGG,ATTCCG,7.0,C,C3,S,932.0,False,0.21015809193908488,0.004,92,806,0.0005053213024060618,8,171.0,27882,4193,863,34178,29039,199.281342,0.000508,False,29433,2629861.0,14877,42,2232,58785,123.991381,0.0027101069313930537,2126,2146,24607,,SA928,A73044A
41,2,0.124750426986397,0.32049999521007205,0.297956272759338,0.577495857025912,0.31067797661616897,0,0.192675990082103,519.144402985075,530.0,173.75773577906003,2782614,2274.13640865046,778.4025045644389,0.10573219207584,0.201384888916728,0.160700070438974,156,2.00746790658005,2,-4960.9322687981,2.07820523086753,SA928-A73044A-R07-C44,44.0,29.0,i5-07,i7-44,TGTTGG,TATATC,7.0,C,C1,S,45.0,True,0.7550104517259286,0.438,753347,105210,0.08711452118517159,3537,213.0,3922938,14993,105559,4000200,106078,245.506201,0.093366,False,3947922,4562676.0,1983384,374905,377613,4073163,139.937942,0.1892341102341401,357811,358069,72963,,SA928,A73044A
42,2,0.15550458170635995,0.448026893432634,0.4103693917880129,0.456575942489699,0.4217479162565871,0,0.31734376726491903,183.778171641791,170.0,80.164920563252,985051,4787.629362230129,1372.83645852052,0.22446128278343305,0.622292534653456,0.192909503790178,307,2.47802528398068,2,-7626.850245674399,2.04264135809614,SA928-A73044A-R07-C45,45.0,28.0,i5-07,i7-45,TGTTGG,CAGGCC,7.0,C,C1,S,681.0,False,0.33319070541917073,0.15,222895,41347,0.032200903669629126,1151,219.0,1365414,7070,41506,1397797,44957,253.976941,0.033619,False,1376582,1919831.0,691569,110872,137541,1429457,147.5065,0.16035945700211768,130540,130660,31660,,SA928,A73044A
43,4,5.49185699139088e-08,6.21832274561029e-08,2.0421264679271198e-09,0.0316882317857853,0.425684035067442,0,3.09583720881079e-08,2.80529595015576,2.0,1.19416970470276,7204,1246.2444770285401,113.294983700373,4.4318128222808895e-08,0.471852716914744,,1807,5.61059191234187,4,1876.59631230717,4.00000012693106,SA928-A73044A-R07-C46,46.0,27.0,i5-07,i7-46,TGTTGG,GGTAGA,7.0,C,C1,S,975.0,False,0.16681900441606606,0.0,32,261,0.00016865627346891688,0,200.0,8052,813,266,9197,5522,229.469973,0.000169,False,8189,538633.0,4157,16,708,13794,134.188623,0.003506080858989811,671,677,4597,,SA928,A73044A
44,2,1.59121684717434e-07,1.25344991275256e-07,3.30047100760567e-10,0.0223785726411926,0.494445914282513,0,6.72578495120035e-07,3.331993107409529,2.0,1.6474904062996398,11602,2313.174149003589,557.942601519327,2.62543604656607e-07,0.537752250283015,4.57890279026429e-08,2488,3.33199320485756,2,661.805361548794,1.99999992836586,SA928-A73044A-R07-C47,47.0,26.0,i5-07,i7-47,TGTTGG,TTGACT,7.0,C,C1,S,861.0,False,0.16681900441606606,0.0,52,531,0.00030722233308587546,0,184.0,13420,731,536,14683,5824,213.089673,0.000309,False,13549,910362.0,6889,26,1469,19562,121.566876,0.003583982355779172,1408,1417,4879,,SA928,A73044A
45,2,0.12801509781082598,0.31591900904902803,0.296154624129607,0.578109446650808,0.296103138960373,0,0.18985694568822,646.967158051875,647.0,223.944521263465,3467097,2262.874688750689,801.041562099194,0.142045760565393,0.170213471177001,0.167172777380457,77,1.88358685625636,2,-4563.04284036875,1.9726410492,SA928-A73044A-R07-C48,48.0,25.0,i5-07,i7-48,TGTTGG,CGAAAC,7.0,C,C1,S,117.0,True,0.8770086715415921,0.31,868365,123209,0.10569358692897726,4113,204.0,4822638,18348,123687,4915274,131873,234.204966,0.114394,False,4850701,6037351.0,2437683,432126,472367,5005056,131.48050600000002,0.1774772698200181,447666,447990,89782,,SA928,A73044A
46,3,0.15135841421607002,0.405613396617855,0.365151388382949,0.579219278517094,0.317412031059958,0,0.2263454445732,543.014365671642,504.0,200.29881851805402,2910557,4945.632172578329,1165.66492416991,0.10608755403246,0.366005009144204,0.0880368440968159,404,3.27240686854157,3,-7252.6796974854005,2.98805958061112,SA928-A73044A-R07-C49,49.0,24.0,i5-07,i7-49,TGTTGG,CGTGAT,7.0,C,C1,S,770.0,True,0.9384864108356556,0.294,736991,112340,0.09030871421805013,3721,207.0,4080054,16082,112679,4165162,112229,238.610509,0.097109,False,4108414,5101198.0,2064232,366635,410163,4241980,134.400556,0.17785856400194375,389682,389930,76818,,SA928,A73044A
47,3,0.14878786282655,0.4406199523543189,0.412323865935736,0.6145215627042121,0.362742559366245,0,0.264368359498737,596.308883911907,568.5,243.331640845291,3195023,4040.80826884457,954.714465899174,0.123245010398149,0.576938065908286,0.104486910977091,343,3.2619141076900697,3,-7713.473584380741,2.88320124709954,SA928-A73044A-R07-C50,50.0,23.0,i5-07,i7-50,TGTTGG,CTGATC,7.0,C,C1,S,785.0,True,0.9423330687873314,0.302,786459,117638,0.09727362203724968,3829,201.0,4430988,17485,118130,4518743,125749,231.985951,0.10485,False,4456029,5643098.0,2240330,391315,441138,4603306,131.296563,0.17487364235701605,417847,418137,84563,,SA928,A73044A
48,2,0.15057567665520002,0.295989528112112,0.25755053698586394,0.641197085918571,0.309022742825515,0,0.175964457649149,856.146455223881,883.0,311.03212779089,4588945,2710.22707514323,1011.64492323125,0.0996861965503632,0.125559827125307,0.147206525709646,145,1.81109825609876,2,-4351.08715930841,2.02499630985633,SA928-A73044A-R07-C51,51.0,22.0,i5-07,i7-51,TGTTGG,GGGGTT,7.0,C,C1,S,126.0,True,0.9218761033288724,0.266,1147629,165134,0.13328119397382132,6017,189.0,6405350,26265,165917,6534808,233189,217.3102,0.146582,False,6435748,8078913.0,3239517,570806,637566,6699867,120.603229,0.1764476928731485,602731,603169,165059,,SA928,A73044A
49,2,0.14025272366679,0.36131542270848,0.3253543778602769,0.5972767952122701,0.35779735176312,0,0.283498767073747,497.35223880597,501.0,188.12618147260798,2665808,3553.479630388761,1021.0213452013401,0.17934100242482606,0.37614832126828,0.168213476002364,379,2.48227249060085,2,-6422.759209596011,2.0007699965736,SA928-A73044A-R07-C52,52.0,21.0,i5-07,i7-52,TGTTGG,CTGGGT,7.0,C,C1,S,688.0,True,0.9306172560359459,0.22,656215,98077,0.08326061517108015,3433,213.0,3714026,15877,98426,3790460,112369,245.325343,0.089287,False,3737061,4760891.0,1878628,326391,357427,3867501,139.658224,0.17394960633510667,339441,339712,77041,,SA928,A73044A
50,2,0.37920761935108,0.8374952379756421,0.7547675368357609,0.28253495212325,0.8690059215463729,0,0.5411124825309891,40.311015522723,30.0,34.0312838328054,215543,12184.9832360953,2334.6272840326897,0.821693127004787,11.1625540644079,0.265189770551518,443,3.77695281368578,3,-12157.8208110524,1.9825818675424496,SA928-A73044A-R07-C53,53.0,20.0,i5-07,i7-53,TGTTGG,AGCGCT,7.0,C,C1,S,704.0,True,0.5747814487066162,0.04,48861,8583,0.007372511150376036,235,222.0,306086,2302,8623,313375,15610,255.168013,0.007551,False,307995,439786.0,154803,24313,30478,325143,145.507382,0.1566711979173346,28976,28996,11768,,SA928,A73044A
51,2,2.4803590070732204e-08,2.72288402936027e-08,4.88498130835069e-15,0.000184581429988076,0.4581308374684821,0,4.05156866944978e-08,2.9305882352941204,2.0,1.34259284897532,7473,555.8788959091929,97.1507460559936,2.25950126719887e-08,0.28712408272217,1.26364523844735e-08,2001,2.9305882490727697,2,1833.66955357985,2.00000008694396,SA928-A73044A-R07-C54,54.0,19.0,i5-07,i7-54,TGTTGG,CTTTTG,7.0,C,C1,S,816.0,False,0.21189282051184186,0.0,26,750,0.00015724075800987194,2,177.0,8272,944,756,9695,6810,205.407596,0.00015800000000000002,False,8540,763265.0,4284,12,1509,15555,116.075459,0.002733389402859545,1474,1487,5860,,SA928,A73044A
52,3,1.95239379996437e-07,1.77309232629597e-07,5.3290705182007506e-15,0.0018383208314892104,0.5105766424989,0,0.9999998742913992,4.2553488372093,4.0,2.1726817381998,18298,9708.11676939586,809.009825104007,0.250000004672048,3.32362891569897,,3328,6.383023264621871,3,-3347.78069171164,3.0000002053568102,SA928-A73044A-R07-C55,55.0,18.0,i5-07,i7-55,TGTTGG,TGTTGG,7.0,C,C5,D,899.0,False,0.1531654287895422,0.002,68,966,0.0004866103011171528,0,187.0,20720,1222,972,22669,9025,218.71019500000003,0.000489,False,21070,1656924.0,10626,34,2377,30305,126.929038,0.003025718608169441,2274,2278,7636,,SA928,A73044A
53,2,0.04565322659677,0.275152926058833,0.27052063151372,0.407038861032125,0.265370922035273,0,0.14942612961573098,122.19679463287399,123.0,42.815001562331204,655708,1004.01287498709,441.317428103005,0.109031233445157,0.141104242428952,0.136669832378801,23,1.90784007460046,2,-3763.230344665809,2.04695207760565,SA928-A73044A-R07-C56,56.0,17.0,i5-07,i7-56,TGTTGG,AGCTAG,7.0,C,C2,D,194.0,True,0.923310807801716,0.992,170567,25496,0.014859989383574112,905,119.0,950534,6144,26226,969759,122187,130.184749,0.015506,False,930115,1191744.0,479784,84831,97567,1057183,62.73471800000001,0.17664583229782793,88483,88559,87424,19.0,SA928,A73044A
54,2,0.05984312233222,0.204018270931188,0.1999931096743,0.4903297244845829,0.1984066729721881,0,0.112869432974622,506.58940891292195,516.0,101.93261360809,2716839,1032.42278921096,346.79602409681604,0.062248681684823,0.0539074469891269,0.104417518486994,1,1.95816204183628,2,-1796.4197672729501,1.97802567249814,SA928-A73044A-R07-C57,57.0,16.0,i5-07,i7-57,TGTTGG,AGCATC,7.0,C,C2,D,633.0,False,0.13705100570842904,1.0,740353,114150,0.08210179042800794,3603,187.0,3911660,14182,114510,4002617,108882,216.477079,0.08770399999999999,False,3944238,4654580.0,1983070,368375,380649,4076129,121.802059,0.18603846623464126,357090,357348,73512,20.0,SA928,A73044A
55,5,0.13168708967266002,0.636487176742103,0.6192000736600051,0.4493946079558379,0.249828154912367,0,0.16903839201075302,496.468744168688,496.0,124.86171411249398,2660576,3432.9082995704107,573.266799571438,0.0874903105224212,0.6772791592417289,0.0671666676569321,137,4.99062534859099,5,-8602.88079782792,5.00425114876832,SA928-A73044A-R07-C58,58.0,15.0,i5-07,i7-58,TGTTGG,CGATTA,7.0,C,C2,D,1324.0,False,0.1707865969607936,0.39,670886,113014,0.08272475719901462,3364,207.0,3757008,14781,113362,3847270,105668,240.559278,0.088988,False,3790040,4782249.0,1905067,333761,364576,3918797,139.183309,0.1754386698789385,343879,344154,71527,,SA928,A73044A
56,2,0.02501575509396,0.213843718670143,0.20792437964526106,0.432915797109012,0.205426601826365,0,0.11215567172761802,491.77392277560205,503.0,103.370905136826,2636400,608.426297308749,206.908391048927,0.062705704180799,0.0596884836848448,0.104559094088951,1,1.9099333359246693,2,-1970.82461472784,2.07873233691946,SA928-A73044A-R07-C59,59.0,14.0,i5-07,i7-59,TGTTGG,CATTCA,7.0,C,C2,D,632.0,False,0.13705100570842904,1.0,726663,110056,0.07917199068853198,3503,185.0,3794896,14483,110437,3886865,94443,213.602747,0.084313,False,3831821,4461640.0,1925198,361580,371628,3948940,120.184327,0.1880449556118057,348631,348853,62075,21.0,SA928,A73044A
57,2,0.06700206851436,0.274703782402908,0.2674738145579369,0.5232586217379149,0.250768772251502,0,0.15645590984054095,543.825,554.0,137.33216892677,2914902,1388.7742002884195,464.411843685516,0.0908105306320841,0.108191238761716,0.14558782398372502,1,1.93151674680984,2,-3752.4826353103003,1.92670160960793,SA928-A73044A-R07-C60,60.0,13.0,i5-07,i7-60,TGTTGG,GGAACT,7.0,C,C2,D,631.0,False,0.13705100570842904,0.988,753369,119050,0.08747232846223041,3539,190.0,4088528,14710,119579,4242986,121175,219.912894,0.09339,False,4143009,5080547.0,2085070,374915,399173,4323266,124.8365,0.18005400432512514,375167,375452,80280,22.0,SA928,A73044A
58,2,0.0628689258458499,0.265421631424845,0.260193356975757,0.418425976029239,0.24247420630789104,0,0.150551430994534,552.839179104478,549.0,142.444898957841,2963218,1073.45036277678,361.117117651195,0.0833042691311656,0.0872955717021079,0.140837802246122,1,1.9659817639938104,2,-3561.0295860097203,1.92201866646586,SA928-A73044A-R07-C61,61.0,12.0,i5-07,i7-61,TGTTGG,ACATCG,7.0,C,C2,D,630.0,False,0.20637378498993586,0.996,786763,116944,0.08975720655621379,3889,190.0,4234920,15800,117358,4330951,106651,220.18325,0.096129,False,4269687,5143081.0,2145876,391437,414786,4400549,124.576059,0.18267707505330166,390366,390644,69598,23.0,SA928,A73044A
59,2,0.0263161817451451,0.225943950214025,0.224924288000307,0.341185649628923,0.211631802554412,0,0.128205522872359,109.28342345701999,110.0,23.2838139777505,586087,570.902900634945,195.03361046553903,0.104585380939834,0.101854460719432,0.11883779769316198,0,1.94128894216202,2,-2478.59732282929,1.9121029166649,SA928-A73044A-R07-C62,62.0,11.0,i5-07,i7-62,TGTTGG,AAGCTA,7.0,C,C2,D,256.0,False,0.09989817538059086,1.0,150017,25252,0.01850860321894365,697,194.0,830980,3640,25342,851620,25410,224.757337,0.019152,False,838575,1044897.0,421506,74660,82592,869144,128.177514,0.17722157391702847,77889,77968,17524,24.0,SA928,A73044A
60,2,0.0308821934194949,0.25893703254676304,0.256926031657935,0.29267217750458696,0.229250847326904,0,0.13781951525698902,57.07838745800671,58.0,13.4437140446835,305826,515.612450434115,173.62520018399502,0.11682956833963,0.124658410159413,0.12819721609455398,0,1.9537482422213,2,-3208.88361962854,2.0411135758421497,SA928-A73044A-R07-C63,63.0,10.0,i5-07,i7-63,TGTTGG,CAAGTT,7.0,C,C2,D,254.0,False,0.12959541532180416,0.992,15430,11090,0.009280799058352305,98,180.0,372482,2514,11133,383833,18466,202.742929,0.009559,False,376448,2273895.0,189285,7666,36609,397759,105.999428,0.04050025716115082,34476,34514,13926,25.0,SA928,A73044A
61,2,0.0307654281343099,0.186582140389704,0.183990912431469,0.525479631848301,0.18830707765937,0,0.0999033252098567,525.1350242446849,537.0,101.08161947846901,2815774,517.292320564287,176.592158999387,0.0541494132551111,0.0425206416325245,0.093125357067611,1,1.94381795726984,2,-1201.27858646936,2.04463552683381,SA928-A73044A-R07-C64,64.0,9.0,i5-07,i7-64,TGTTGG,GCCGGT,7.0,C,C2,D,629.0,False,0.13705100570842904,1.0,694048,109966,0.08321479009527827,3400,180.0,3970060,14685,110435,4060636,136771,206.318217,0.08869099999999999,False,3995267,5169782.0,2011913,345324,384037,4155039,113.206927,0.17188859953581906,360476,360777,94403,26.0,SA928,A73044A
62,6,0.1466908855555,0.856832140863086,0.8371970119479059,0.35944010758491096,0.255688712027027,0,0.160284942605875,254.128171641791,255.0,65.2396631597957,1362127,3457.83242413235,520.588643120755,0.0901500345697445,1.07561800290564,0.0897242017597384,38,5.913777139029911,6,-9905.33837277156,6.15350859536496,SA928-A73044A-R07-C65,65.0,8.0,i5-07,i7-65,TGTTGG,CGGCCT,7.0,C,C2,D,1252.0,False,0.1569530418661691,0.302,313067,55388,0.0432817748445919,1553,206.0,1898452,7555,55615,1943721,59077,238.312286,0.045401,False,1913588,2645080.0,962692,155757,180703,1983854,136.852892,0.16199528283096362,170493,170622,40133,,SA928,A73044A
63,2,0.12609398459974,0.328458639049509,0.309057742979302,0.530599663631258,0.322575464289359,0,0.20347948199618893,596.414893617021,580.0,202.534019059798,3195591,2509.94323053552,774.505876774531,0.130613293587726,0.20852432369453106,0.16295727413312,235,2.1013698764486497,2,-5339.42694331712,2.04789674519905,SA928-A73044A-R07-C66,66.0,7.0,i5-07,i7-66,TGTTGG,TAGTTG,7.0,C,C2,D,18.0,False,0.24519378640859096,0.45,861555,129537,0.0965663131668562,4767,192.0,4584088,18285,129938,4688059,120234,222.49741,0.104017,False,4621577,5495500.0,2322446,428394,452698,4767524,126.25842,0.1847926853301944,425828,426126,79465,,SA928,A73044A
64,2,0.0135552402666201,0.155157288678164,0.156563981624559,0.5004649650614651,0.173055417650881,0,0.0868133274913592,188.751352359634,189.0,44.264645844867296,1011896,268.410371661667,90.61869565943329,0.0474935714691489,0.0535471138683575,0.0809934849246876,1,1.95458791496775,2,-477.1576843387271,1.96715465047048,SA928-A73044A-R07-C67,67.0,6.0,i5-07,i7-67,TGTTGG,GCGTGG,7.0,C,C2,D,628.0,True,0.7722182334059535,0.996,250608,50518,0.024965315872826254,1520,130.0,1466544,8532,50865,1508575,83554,145.956418,0.026234,False,1471135,1967579.0,744126,124544,159102,1567023,70.382917,0.16745635976867734,145223,145363,58448,27.0,SA928,A73044A
65,2,0.11796822928661505,0.289896000035092,0.27699308253334803,0.5337161034243779,0.28371524795998604,0,0.169852773854581,381.94235074626886,404.0,120.55755678636801,2047211,1416.55664484818,492.4772649106369,0.14588417908438198,0.20138311303704,0.149479463821775,68,1.90258802257657,2,-4196.36387206611,1.97076243839535,SA928-A73044A-R07-C68,68.0,5.0,i5-07,i7-68,TGTTGG,GTATAG,7.0,C,C2,D,136.0,True,0.7818549380328068,0.8859999999999999,493810,78924,0.06262754867609842,2744,197.0,2834650,13421,79233,2896150,94651,230.321148,0.066274,False,2853477,3697176.0,1434385,245533,273665,2962697,133.906342,0.17136546467600516,257632,257831,66547,28.0,SA928,A73044A
66,3,0.167235697397445,0.383403687176311,0.3257974215483,0.8461034289297621,0.559214251961089,0,0.444270621004056,232.799174174174,229.0,129.66074280728301,1240354,4701.6276624756,1512.79652950421,0.125153526350202,0.3877632659871509,0.14412394605788,262,2.9288572846627496,3,-6399.141269319611,2.63687438563501,SA928-A73044A-R07-C69,69.0,4.0,i5-07,i7-69,TGTTGG,CCTTGC,7.0,C,C2,D,765.0,False,0.1707865969607936,0.394,312040,44513,0.03623097158093656,1508,170.0,1751286,7433,44784,1788192,72431,194.144867,0.038058,False,1758029,2224791.0,886276,155266,163585,1839103,104.86628,0.1753329381989174,153230,153346,50911,,SA928,A73044A
67,2,0.0419049987684199,0.219699028800898,0.2138306271416089,0.415471694337442,0.208596019634105,0,0.116936180946874,360.703524146933,366.0,75.7573038019099,1934453,757.9522361773669,256.503511440456,0.0699323623476632,0.0658623436006432,0.110626083597018,1,1.91011638733568,2,-2168.94120849272,1.98450463505033,SA928-A73044A-R07-C70,70.0,3.0,i5-07,i7-70,TGTTGG,GCTGTA,7.0,C,C2,D,627.0,False,0.09989817538059086,1.0,485797,80042,0.059659964254151,2575,194.0,2735856,11798,80298,2803002,81421,224.624103,0.063036,False,2761293,3508024.0,1387667,241611,263274,2859158,127.943367,0.17432938231845496,247419,247646,56156,29.0,SA928,A73044A
68,2,0.03197336495536,0.19368570550627304,0.194606801806155,0.4335461851090221,0.190434977642239,0,0.103052806722805,641.603879149571,653.0,124.44818894928801,3440280,480.13428909974886,163.551260423314,0.0610595241205343,0.0463594409544938,0.0971129923994555,1,1.9540768593805,2,-1452.32482474221,2.02786048454713,SA928-A73044A-R08-C03,3.0,70.0,i5-08,i7-03,AGCTAG,GTCCTT,8.0,C,C4,G1,626.0,False,0.13206687973044506,1.0,913567,134975,0.1014598412706208,4201,195.0,4889542,19230,135409,5003993,131852,226.555441,0.111971,False,4936093,5906888.0,2479532,454683,469281,5094523,130.957908,0.18353616720908808,441048,441358,90530,30.0,SA928,A73044A
69,3,0.13192345314646,1.15968166259216,1.16218747773668,0.0500857867574677,0.433112477344205,0,0.401901194477944,11.2064358298833,10.0,4.9599286417742094,59551,2756.96344001568,564.202143008533,0.343034478928134,2.53867410819262,0.267280743518776,8,4.07066033138255,4,-11267.7944376292,3.02128003737177,SA928-A73044A-R08-C04,4.0,69.0,i5-08,i7-04,AGCTAG,ATCAGT,8.0,C,C5,G1,1095.0,False,0.2756280636580263,0.14,3538,1735,0.0015393715956765113,8,151.0,76720,1392,2195,79549,67365,172.823796,0.001565,False,61351,416107.0,38913,1765,5964,129531,129.995898,0.04468681360296902,5590,5608,49982,,SA928,A73044A
70,5,0.14666745103148,0.352361547074242,0.32240494624661403,0.7384409188588381,0.212134512376425,0,0.105197053682562,573.208170117515,592.0,123.20927597777701,3072969,3274.65954272267,614.081623173863,0.0479492527807483,0.210844855031549,0.0497049481401774,176,4.602081327746389,5,-5629.54390143922,5.129466014258671,SA928-A73044A-R08-C05,5.0,68.0,i5-08,i7-05,AGCTAG,TAGGAT,8.0,C,C1,G1,1327.0,False,0.1707865969607936,0.55,826048,119640,0.0941944795140407,3750,197.0,4388180,17249,120146,4486499,137298,228.186425,0.101125,False,4422681,5245701.0,2223358,411149,417779,4583464,129.883231,0.18507806400811835,393225,393512,96965,,SA928,A73044A
71,2,0.0410738449700698,0.127119512472646,0.118830389436227,0.722622849819101,0.159433303575113,0,0.0665766807740125,735.278492818504,751.0,121.07224561650601,3941828,912.947648338246,308.972360314147,0.0506193436553069,0.0333668335967707,0.0620553106307114,1,1.99081182987206,2,268.529880719039,2.0134669395643403,SA928-A73044A-R08-C06,6.0,67.0,i5-08,i7-06,AGCTAG,TGAGTG,8.0,C,C1,G1,625.0,False,0.13206687973044506,0.998,952767,152945,0.11566306867954687,4717,185.0,5521978,22193,153544,5649910,175512,213.036352,0.12548399999999998,False,5566841,7303336.0,2799096,474025,536058,5772983,118.763523,0.16955333131093334,503299,503669,123073,31.0,SA928,A73044A
72,2,0.054194543873383,0.17055930837621394,0.163010279296769,0.669581709670829,0.17635849446342494,0,0.0934638658310795,970.125326370757,986.0,176.160707870196,5201812,925.466671996676,309.562002702048,0.0520302196250092,0.0378812999794828,0.0872884767943012,1,1.93890298958017,2,-783.577131778819,1.97129849321015,SA928-A73044A-R08-C07,7.0,66.0,i5-08,i7-07,AGCTAG,TTGCGG,8.0,C,C3,G1,624.0,False,0.13206687973044506,0.996,1177993,204580,0.15151795272995933,6507,195.0,7222862,31278,205225,7400348,204032,225.066034,0.169207,False,7294293,10204702.0,3664120,585743,697161,7540534,126.366297,0.16008888082072767,656553,657089,140186,32.0,SA928,A73044A
73,6,0.117804400883722,0.438098568053595,0.424888811833656,0.622664909366552,0.165248796294618,0,0.0862186236589437,587.074025731867,597.0,99.3310275901153,3148478,2250.1768375641896,351.02467866889396,0.058268462174284,0.326340237227198,0.0811404852097749,42,5.8201190777393625,6,-6291.25039957874,5.812751129344409,SA928-A73044A-R08-C08,8.0,65.0,i5-08,i7-08,AGCTAG,GGTTTC,8.0,C,C1,G1,1253.0,False,0.15845148250688812,0.816,837413,129257,0.09533968019912537,3801,192.0,4496450,18370,129771,4603178,154027,221.533676,0.102395,False,4531872,5449934.0,2279813,416806,437893,4712040,125.068673,0.18294926426322786,411813,412104,108862,403.0,SA928,A73044A
74,2,0.028682766938845007,0.11281648666275,0.112024794051963,0.703823879377622,0.154465729096745,0,0.0633452159627408,764.398731816486,782.5,126.35452230570299,4098706,460.77720184257004,156.478379235729,0.036503024478097,0.020174938038615003,0.0581618831384487,6,1.932518131868,2,1051.81647146778,1.97550060013253,SA928-A73044A-R08-C09,9.0,64.0,i5-08,i7-09,AGCTAG,TAAGGC,8.0,C,C1,G1,199.0,False,0.13828099169828784,1.0,1107834,161502,0.11857352560771707,4878,177.0,5874492,21247,162029,6007189,145001,202.612618,0.128186,False,5927699,7011049.0,2977268,551478,578548,6105180,110.696273,0.1854177101143064,542277,542668,97991,404.0,SA928,A73044A
75,2,0.0573655047144099,0.187882743536059,0.180804306849274,0.527072848997233,0.18296479237140686,0,0.103110229366659,386.04254525097997,392.0,71.4207003791148,2068802,1051.1423422823,358.099865468573,0.0507728557602605,0.0596279941282667,0.0965391032643008,1,1.89012312738449,2,-1271.63436966724,1.9758094092485905,SA928-A73044A-R08-C10,10.0,63.0,i5-08,i7-10,AGCTAG,TCGGGA,8.0,C,C1,G1,623.0,False,0.1237560328486268,1.0,511404,82201,0.0649670245803275,2404,205.0,2903712,13395,82544,2972905,102461,236.82506,0.06877,False,2927599,3750324.0,1471857,254500,279179,3046518,135.41478999999998,0.1729669078819888,263957,264172,73613,33.0,SA928,A73044A
76,2,0.03657153177219,0.147640343131067,0.14441738250878194,0.593326288144698,0.1664499043732,0,0.0815083197906608,573.312628241,586.0,97.4123161355933,3073529,628.1238959355439,213.846948240181,0.0452405051489598,0.029293297711974,0.0763363549515716,1,1.90580413149264,2,-256.753280626417,1.98709432895349,SA928-A73044A-R08-C11,11.0,62.0,i5-08,i7-11,AGCTAG,TTCGAA,8.0,C,C2,G1,622.0,False,0.13705100570842904,1.0,806821,123065,0.09315712914789773,3675,190.0,4378198,16719,123552,4481457,133789,219.153497,0.099684,False,4415138,5373224.0,2220198,401573,423784,4574142,122.57919,0.18104468922161526,398693,398941,92685,34.0,SA928,A73044A
77,2,0.0119469448094101,0.122993768339146,0.122346436011086,0.6744017809170711,0.157774701161978,0,0.0672742256720692,698.368961014736,715.0,114.214027449576,3743956,272.043816702827,92.23346963325001,0.0380421830599122,0.023289416182079,0.0627791322940284,1,1.93779163678768,2,438.595792622011,1.9996187418468896,SA928-A73044A-R08-C12,12.0,61.0,i5-08,i7-12,AGCTAG,GCGGAC,8.0,C,C3,G1,621.0,False,0.13206687973044506,0.998,962956,144245,0.11056786158241083,4500,184.0,5308448,20747,144843,5429879,167979,211.021782,0.119068,False,5349252,6627831.0,2690671,479228,510953,5546092,116.46682,0.17828103165275508,479823,480168,116213,35.0,SA928,A73044A
78,2,0.034425143746419994,0.126833637264609,0.121948318658944,0.6839802516836329,0.159728298374569,0,0.067554991504733,732.229392017904,749.0,121.411627974998,3926214,642.891029704657,216.0341858111,0.0358653147979272,0.0235788630108798,0.0623853332225439,1,1.9551385492054,2,250.183360287618,2.05396891998193,SA928-A73044A-R08-C13,13.0,60.0,i5-08,i7-13,AGCTAG,ATTGGC,8.0,C,C2,G1,620.0,False,0.13206687973044506,0.998,1072456,153176,0.11616194621791373,4540,184.0,5620694,19736,153718,5747007,134897,211.852539,0.125327,False,5671809,6616903.0,2848654,533958,546716,5837687,116.762153,0.18761793682189606,513462,513812,90680,36.0,SA928,A73044A
79,2,0.0285901010968201,0.126321227629545,0.123025162057264,0.676131364696559,0.15829909730448702,0,0.0670899997745215,797.0430809399478,816.0,134.592723023564,4273745,407.046990022556,137.75436017907802,0.0367325260667895,0.0239530064507831,0.0626767212552302,1,1.93925603613982,2,383.806211089395,2.0562274693706204,SA928-A73044A-R08-C14,14.0,59.0,i5-08,i7-14,AGCTAG,TGCTTT,8.0,C,C2,G1,619.0,False,0.13828099169828784,0.994,1216624,171667,0.12449296761818715,5606,180.0,6184578,23881,172259,6328687,181658,207.013845,0.134935,False,6237838,7036130.0,3135501,605509,607401,6454476,114.098712,0.19329604696385927,570318,570733,125789,37.0,SA928,A73044A
80,3,8.83039998900159e-08,1.00000012630568,1.00000010492414,0.0333674100114917,0.469943055791876,0,0.33333341100358194,8.001148545176111,8.0,3.76008422932106,41798,2824.2232867962,779.126904562011,0.16666668143279098,1.64555273319034,1.49133314031324e-08,39,4.00057427640243,4,-11445.504981669199,3.0000002305614104,SA928-A73044A-R08-C15,15.0,58.0,i5-08,i7-15,AGCTAG,CCTATT,8.0,C,C2,G1,1092.0,False,0.15661074024359994,0.106,1408,1488,0.0012641914552349671,8,190.0,49802,1086,1497,52278,8318,212.305711,0.001284,False,50498,452610.0,25408,700,4906,59212,110.11216,0.0271280490154522,4655,4660,6934,,SA928,A73044A
81,2,0.0305527795059701,0.13619789675306698,0.133290921200795,0.670904547057934,0.161269234932271,0,0.0721476365384371,744.812010443864,761.0,125.184339737841,3993682,521.076779248352,177.794985996239,0.0408568897682804,0.025819753626538,0.0670634155983622,1,1.91636173798274,2,80.2844203122622,2.0587152959215,SA928-A73044A-R08-C16,16.0,57.0,i5-08,i7-16,AGCTAG,TCTTCT,8.0,C,C1,G1,618.0,False,0.13206687973044506,0.996,1141198,160220,0.11857729622197233,5006,186.0,5780404,20621,160859,5911302,165876,214.603533,0.128219,False,5826076,6544044.0,2929893,568096,564161,6023985,119.568258,0.19409540870215275,530172,530516,112683,38.0,SA928,A73044A
82,2,0.0395137112846833,0.14443737820324,0.140639666591374,0.653029527987873,0.167313357523387,0,0.0802431559930241,677.15802238806,690.0,116.327042466172,3629567,736.963873196725,249.12467802650002,0.0460054876847921,0.031092766715692007,0.0740275592305348,1,1.94176395790747,2,-267.7353450546,1.97829684501257,SA928-A73044A-R08-C17,17.0,56.0,i5-08,i7-17,AGCTAG,ATAGAT,8.0,C,C2,G1,617.0,False,0.13206687973044506,0.998,1063396,145927,0.1099123586899345,4606,193.0,5277534,19160,146595,5396407,183132,221.97677,0.118461,False,5313211,5832268.0,2674618,529395,509373,5525525,124.804942,0.1981042382119352,480048,480403,129118,39.0,SA928,A73044A
83,2,0.06614027917237,0.188584919907392,0.17673655086318102,0.609017894208401,0.18244214694390806,0,0.101315546940148,777.484238015296,785.0,145.058305903482,4168093,1118.35540114139,378.34785985361395,0.055419387833695,0.0704856817017237,0.0942262872745647,1,1.91482331432819,2,-1264.4843473090302,1.9682459329632,SA928-A73044A-R08-C18,18.0,55.0,i5-08,i7-18,AGCTAG,CGCCTG,8.0,C,C3,G1,616.0,False,0.13206687973044506,1.0,1012738,167536,0.1260293299132254,5142,206.0,5842168,23981,168151,5981252,184296,237.653034,0.13851,False,5890276,7693092.0,2962528,503798,563336,6107965,135.47108,0.17026554045637976,532280,532663,126713,40.0,SA928,A73044A
84,2,0.03914357874059,0.15990223384545402,0.15367142216898005,0.613415291640445,0.171186820573892,0,0.0878965404666044,711.506529850746,725.0,124.47656539829501,3813675,789.618549540087,267.029606718321,0.0491480868377919,0.0322167873890439,0.0820712763564353,1,1.9085282264994896,2,-517.941342521761,1.97972262687997,SA928-A73044A-R08-C19,19.0,54.0,i5-08,i7-19,AGCTAG,CTAAGG,8.0,C,C1,G1,615.0,False,0.13206687973044506,0.998,1056411,148009,0.11347936186977466,5429,188.0,5483758,23934,148603,5613376,178367,217.010891,0.12245,False,5529331,6395785.0,2780181,525491,527676,5737932,121.41721,0.18919967709448066,496528,496913,124556,41.0,SA928,A73044A
85,2,2.30640609943933e-07,2.3687147976403398e-07,4.44089209850063e-15,0.0499892653903014,0.540834032322398,0,0.999999871924255,4.591023012075639,4.0,2.4829815598019,20150,10830.6692156066,1353.8337970131,0.200000074812122,1.41009305240076,4.2069810635148e-08,3214,4.59102306925758,7,-3749.44170381188,2.00000023626713,SA928-A73044A-R08-C20,20.0,53.0,i5-08,i7-20,AGCTAG,TTATTC,8.0,C,C5,G2,1196.0,False,0.2723473989536568,0.0,1024,1048,0.00040808539174735887,2,130.0,25516,1224,1307,27522,40234,156.742091,0.000411,False,19021,161879.0,13035,511,2489,59766,130.384334,0.037517403092254716,2390,2407,32244,,SA928,A73044A
86,2,0.0588416039108901,0.221529165360774,0.217750477919925,0.583688142103219,0.20405438538795487,0,0.115837181711394,805.990485074627,817.0,168.067367864305,4320109,1206.7471353089,407.989832971856,0.0663407960013627,0.0666804722716463,0.108734979701513,1,1.93825921467744,2,-2216.91769870705,2.0764352228567,SA928-A73044A-R08-C21,21.0,52.0,i5-08,i7-21,AGCTAG,TGGAGC,8.0,C,C1,G2,614.0,False,0.13206687973044506,0.974,1093777,173594,0.1307718229597975,5325,206.0,6085698,23019,174132,6230589,153723,237.224293,0.14390999999999998,False,6144434,7690034.0,3086368,544226,589167,6334120,134.607982,0.17655782063687153,556541,556959,103531,42.0,SA928,A73044A
87,2,0.137768684551735,0.274060413956833,0.24192402999109905,0.676691521798078,0.299250667070656,0,0.180356800798438,576.378660697631,598.0,184.72482929881,3089966,2648.62644758407,909.416176017182,0.116628559988653,0.125749104678633,0.13807299102941598,188,1.9111701111267096,2,-4155.008464901421,2.01974423295333,SA928-A73044A-R08-C22,22.0,51.0,i5-08,i7-22,AGCTAG,CTTCGA,8.0,C,C3,G2,140.0,False,0.4857629256662341,0.232,791580,106788,0.09642301481530643,3914,216.0,4310452,17695,107221,4393751,114542,250.209001,0.103984,False,4337756,5277422.0,2178902,393833,406073,4471424,144.77559,0.1809370771196611,384628,384928,77673,,SA928,A73044A
88,1,1.82566525008809e-07,0.500000137766359,0.500000259760812,0.0756730511935332,0.471417821091951,0,0.749999904929087,9.336545729402868,9.0,4.40141409674408,49409,6193.470096515911,1842.60749732742,0.5833332915685849,0.8433211285903829,0.500000064594235,118,2.3341364002312,2,-8670.706205433342,1.0000000824336,SA928-A73044A-R08-C23,23.0,50.0,i5-08,i7-23,AGCTAG,GGAGAA,8.0,C,C1,G2,653.0,False,0.15256616494503608,0.028,1337,1455,0.0014808649409177716,13,212.0,56972,1801,1465,60023,14272,240.436129,0.001498,False,57315,624974.0,28967,662,5027,71904,132.831255,0.02241566920565833,4800,4816,11881,,SA928,A73044A
89,2,0.12729641819045,0.24361367960425304,0.2090160969066,0.689640361758295,0.273392380389531,0,0.154300322884951,819.4194029850751,872.0,246.81086358822103,4392088,2258.5011048539604,783.0141336930991,0.0847570845451919,0.0929966997028923,0.121958693003024,161,1.92778738922659,2,-3555.1848695661897,2.01382831536434,SA928-A73044A-R08-C24,24.0,49.0,i5-08,i7-24,AGCTAG,TTTCAC,8.0,C,C2,G2,160.0,True,0.6659810149464528,0.636,1160674,158965,0.13170509955538126,5338,204.0,6169446,21640,159524,6284320,139809,235.640142,0.144954,False,6208293,7339576.0,3117803,577668,597618,6376316,134.893173,0.1855202752137282,564830,565228,91996,,SA928,A73044A
90,4,0.15413783928962,0.35591145743144803,0.33319847574802897,0.636176444447755,0.19176882701675,0,0.102255727142964,908.0111898545321,924.0,177.903043480993,4868756,2541.89381620413,506.833111296587,0.0595104545373604,0.258789439069814,0.0664638880836381,96,4.00395745204925,4,-5232.471436089099,4.10992567748693,SA928-A73044A-R08-C25,25.0,48.0,i5-08,i7-25,AGCTAG,GATCTG,8.0,C,C2,G2,1117.0,False,0.16580247098280965,0.564,1280254,198754,0.1450413335226841,6126,200.0,6943798,25571,199416,7110026,186800,230.970373,0.161219,False,7007919,8524470.0,3522214,637064,673314,7236043,130.178224,0.1811097851640432,635131,635560,126017,,SA928,A73044A
91,2,0.16008648176503,0.622204639834984,0.622995761020588,0.0435276897192242,0.454161493169247,0,0.369834025676254,9.78148078015527,9.0,4.65270833518816,51656,2938.8582930619104,949.59421622407,0.308936457621052,0.8286788837894,0.348996855551618,36,2.2221689847585497,2,-8182.5969088488,1.8577031680477,SA928-A73044A-R08-C26,26.0,47.0,i5-08,i7-26,AGCTAG,GCATTT,8.0,C,C3,G2,239.0,True,0.5037132032276517,0.218,1663,1634,0.0008578978208447706,15,139.0,59448,5956,2046,68462,90529,162.600069,0.000865,False,49505,573497.0,31020,824,4268,140970,124.428515,0.024457321018883458,4063,4110,72508,,SA928,A73044A
92,6,0.19626296697487,0.544171480693195,0.51742715161423,0.622168559310911,0.23010046523215305,0,0.141293332154568,650.199813432836,654.0,152.407905376208,3485071,4725.5340347494,688.266410544821,0.071839324665882,0.529416588530592,0.0391654441032264,261,5.94545632742218,6,-8336.36874448683,6.05700509486611,SA928-A73044A-R08-C27,27.0,46.0,i5-08,i7-27,AGCTAG,GTTTGT,8.0,C,C1,G2,1242.0,False,0.16018762285947302,0.41,900564,141967,0.10778436391006196,4360,212.0,4907790,20523,142469,5021731,149895,245.096429,0.117151,False,4948710,6046615.0,2487197,448102,474495,5126440,140.919012,0.18032291627668687,448894,449253,104709,,SA928,A73044A
93,2,0.13338958775689,0.218385354344993,0.19930020715722896,0.6800582300820911,0.234831118122202,0,0.131907371648484,923.578436858795,957.0,226.92439864219799,4951304,1992.9396101119,693.4343118133452,0.0731738886932831,0.0662814217044791,0.115877329316576,65,1.86332947079104,2,-2580.7178800904603,1.93392954222792,SA928-A73044A-R08-C28,28.0,45.0,i5-08,i7-28,AGCTAG,CTATCT,8.0,C,C1,G2,150.0,False,0.1896190479712581,0.444,1329317,179788,0.14711351190183095,6235,201.0,7016838,24535,180376,7160519,145552,231.640596,0.163118,False,7075141,8309727.0,3551601,661541,668605,7254704,130.902118,0.18652357683792206,630756,631225,94185,,SA928,A73044A
94,5,0.14824317065441,0.410155934894704,0.378202363905,0.674763406379212,0.230720365421822,0,0.13297219438187,761.6031716417909,776.0,184.589565008422,4082193,3348.14403010073,583.7581628406169,0.0632809979858991,0.317450577471101,0.0605736801915273,285,4.6941286500329005,5,-6830.05081868774,4.96971175331871,SA928-A73044A-R08-C29,29.0,44.0,i5-08,i7-29,AGCTAG,GCTCAT,8.0,C,C1,G2,1306.0,False,0.20626288712797752,0.498,1058238,164126,0.12439132963232265,4818,207.0,5777772,21293,164608,5911584,137607,239.324329,0.136548,False,5832139,7135757.0,2928957,526710,562640,6003119,136.807943,0.18002257787487327,531730,532086,91535,,SA928,A73044A
95,6,0.15920213741653,0.428233601885345,0.4121314799995179,0.650677966144815,0.18956142551959496,0,0.104163415183608,816.6036187278488,830.0,159.41587912360902,4377812,3120.07721300178,484.54488526017997,0.0531925230641132,0.367988097666746,0.0443913554204705,208,5.61248166716031,6,-6771.427336628271,5.90499962224108,SA928-A73044A-R08-C30,30.0,43.0,i5-08,i7-30,AGCTAG,GCCATG,8.0,C,C1,G2,1272.0,False,0.16018762285947302,0.532,1130053,168751,0.1322740776368491,5315,205.0,6150066,22268,169279,6279500,148463,237.015873,0.145313,False,6197629,7546270.0,3113348,562369,589136,6377718,134.316142,0.18086277981438206,556475,556853,98218,,SA928,A73044A
96,2,4.49226951193538e-08,4.40879626140145e-08,4.44089209850063e-15,0.0362114886296697,0.521926435092746,0,0.999999802303731,5.4014629049111775,5.0,2.81916628249527,25846,6697.44150584558,1107.81784637281,0.24999997181553504,2.26691843303997,8.993696454240309e-09,3780,5.401462933569549,4,-3214.2296740902,2.00000037904538,SA928-A73044A-R08-C31,31.0,42.0,i5-08,i7-31,AGCTAG,TTCTCG,8.0,C,C2,G2,1202.0,False,0.1577161584508321,0.0,345,903,0.0008002945496902265,1,210.0,29726,963,909,31466,5669,237.288454,0.0008089999999999999,False,30336,661367.0,15141,172,2972,36245,129.274408,0.011041766682669226,2859,2869,4779,,SA928,A73044A
97,4,0.16089256471229,0.414777817898166,0.382979043733704,0.6940290800516109,0.307834481284076,0,0.187170562541623,575.367350746269,590.0,184.579787678602,3083969,3942.83391369955,851.54979957194,0.0812383833130402,0.3924712948817979,0.0856119057105406,348,3.84930071857404,4,-7254.91542197157,4.03045212971201,SA928-A73044A-R08-C32,32.0,41.0,i5-08,i7-32,AGCTAG,TCCGTC,8.0,C,C2,G2,1151.0,False,0.28183161589334904,0.364,783614,117560,0.09608596476623198,3764,213.0,4341440,16309,117984,4431602,104010,247.072994,0.103923,False,4373141,5434796.0,2197199,389925,413924,4498903,142.05983899999995,0.17768988055656385,391837,392124,67301,,SA928,A73044A
98,2,0.16572079101992002,0.33910736241361605,0.291810548928752,0.608706995977627,0.3896062208810849,0,0.266215529136686,283.935995521553,280.0,112.190112410118,1521613,4086.45000373024,1298.52521275685,0.17812095114300106,0.372894261316519,0.16057633966426502,356,2.24695493527808,2,-6154.72545685564,1.98329189055894,SA928-A73044A-R08-C33,33.0,40.0,i5-08,i7-33,AGCTAG,TGTGCC,8.0,C,C1,G2,689.0,True,0.7618374933900046,0.196,363368,64461,0.04957958902456961,1560,223.0,2117330,8561,64665,2162745,65607,259.479245,0.052197,False,2131524,2805617.0,1071550,180904,210262,2208666,152.071737,0.16890207146943687,199476,199638,45921,,SA928,A73044A
99,5,0.13337886392666,0.471828810582007,0.4622697805551379,0.695571821982141,0.262422017898481,0,0.18880959128878105,701.368538906512,702.0,189.610752896484,3758634,4036.1580896311602,702.412550948,0.0664841371186806,0.519038624387935,0.0304690134900334,265,4.9787693556477315,5,-7622.34994541978,4.97420660894403,SA928-A73044A-R08-C34,34.0,39.0,i5-08,i7-34,AGCTAG,TGCCGA,8.0,C,C1,G2,1296.0,False,0.2157047813804892,0.426,885801,134477,0.11411117118848667,3991,201.0,5210474,18187,134955,5316549,127162,230.62282,0.124414,False,5248901,6980628.0,2636986,440905,494825,5401430,128.44614199999998,0.16740672379646945,466981,467298,84881,,SA928,A73044A
