,cell_id,unpaired_mapped_reads,paired_mapped_reads,unpaired_duplicate_reads,paired_duplicate_reads,unmapped_reads,percent_duplicate_reads,estimated_library_size,total_reads,total_mapped_reads,total_duplicate_reads,total_properly_paired,coverage_breadth,coverage_depth,median_insert_size,mean_insert_size,standard_deviation_insert_size,column,img_col,index_i5,index_i7,primer_i5,primer_i7,row,sample_type,cell_call,experimental_condition,fastqscreen_salmon,fastqscreen_mm10,fastqscreen_nohit,fastqscreen_salmon_multihit,fastqscreen_grch37_multihit,fastqscreen_grch37,fastqscreen_mm10_multihit,is_contaminated,sample_id,library_id
0,SA928-A73044A-R07-C03,14904,1794607,3107,307985,61868,0.17180208861086124,4612122.0,3685482,3623614,619077,3540398,0.07792905143730561,0.08453200000000001,209.0,241.750029,138.74148799999998,3.0,70.0,i5-07,i7-03,TGTTGG,GTCCTT,7.0,C,C4,G1,99925,316294,90559,99643,334743,3574745,316010,False,SA928,A73044A
1,SA928-A73044A-R07-C04,1411,28951,10,1289,30287,0.04370036922765667,315857.0,89849,59562,2588,57004,0.0011247970612699577,0.00114,147.0,174.91849399999995,128.271327,4.0,69.0,i5-07,i7-04,TGTTGG,ATCAGT,7.0,C,C5,G1,1724,4377,40209,1446,4679,49095,4366,True,SA928,A73044A
2,SA928-A73044A-R07-C05,14738,1730071,2846,286828,77736,0.165940694354913,4624220.0,3572118,3494382,576502,3412294,0.07575160862242412,0.080821,203.0,234.791826,134.336836,5.0,68.0,i5-07,i7-05,TGTTGG,TAGGAT,7.0,C,C1,G1,99325,308436,110756,98974,326729,3441142,308189,False,SA928,A73044A
3,SA928-A73044A-R07-C06,17621,1965518,3357,297730,99631,0.15168372436501829,5815671.0,4069550,3969919,598817,3877290,0.08532842847604984,0.091473,194.0,223.42163399999998,126.03015400000001,6.0,67.0,i5-07,i7-06,TGTTGG,TGAGTG,7.0,C,C1,G1,109884,350713,141646,109384,372000,3905774,350458,False,SA928,A73044A
4,SA928-A73044A-R07-C07,21025,2301584,3997,326390,104587,0.14206435587787966,7329545.0,4754061,4649474,656777,4540054,0.09872794676866427,0.10641500000000001,187.0,214.985598,118.981426,7.0,66.0,i5-07,i7-07,TGTTGG,TTGCGG,7.0,C,C1,G1,128579,411128,151215,128114,437015,4576612,410793,False,SA928,A73044A
5,SA928-A73044A-R07-C08,16341,1884782,3265,318195,79421,0.16898495868227015,4935019.0,3885928,3806507,639655,3717796,0.08145910350501692,0.08696,197.0,227.793956,128.84268899999998,8.0,65.0,i5-07,i7-08,TGTTGG,GGTTTC,7.0,C,C1,G1,106306,336555,112936,105968,357184,3751712,336327,False,SA928,A73044A
6,SA928-A73044A-R07-C09,17089,2036015,3519,348474,97441,0.1713349501445177,5248667.0,4208503,4111062,700467,4016814,0.08679962567651096,0.092701,193.0,221.993108,124.371573,9.0,64.0,i5-07,i7-09,TGTTGG,TAAGGC,7.0,C,C1,G1,113496,361983,138398,113077,384781,4047338,361684,False,SA928,A73044A
7,SA928-A73044A-R07-C10,11223,1109369,1949,177910,61821,0.16047051943957766,3078652.0,2304372,2242551,357769,2187244,0.04981621688572917,0.052494000000000006,207.0,240.051939,137.915843,10.0,63.0,i5-07,i7-10,TGTTGG,TCGGGA,7.0,C,C1,G1,64600,199007,85772,64370,210457,2205540,198836,False,SA928,A73044A
8,SA928-A73044A-R07-C11,13639,1571127,2728,270099,69953,0.1720723738098852,4029905.0,3243527,3173574,542926,3098550,0.06846703251093947,0.072648,200.0,231.131396,130.83076100000002,11.0,62.0,i5-07,i7-11,TGTTGG,TTCGAA,7.0,C,C1,G1,89096,280456,100088,88784,297066,3125153,280256,False,SA928,A73044A
9,SA928-A73044A-R07-C12,16923,1927627,3597,332424,80289,0.17265558883284518,4926548.0,3972953,3892664,668445,3802626,0.08216729446596982,0.08769600000000001,193.0,222.484802,124.08643799999999,12.0,61.0,i5-07,i7-12,TGTTGG,GCGGAC,7.0,C,C2,G1,103831,341234,116330,103491,361873,3835449,340992,False,SA928,A73044A
10,SA928-A73044A-R07-C13,16408,2121996,3700,375574,88386,0.17720918223640972,5264930.0,4371819,4283433,754848,4186532,0.09089132752762737,0.097129,198.0,227.53889300000003,127.927888,13.0,60.0,i5-07,i7-13,TGTTGG,ATTGGC,7.0,C,C1,G1,118920,379092,128895,118447,401934,4218974,378762,False,SA928,A73044A
11,SA928-A73044A-R07-C14,19242,2318765,4393,429374,104946,0.18538871991156106,5462413.0,4786557,4681611,863141,4575372,0.09710878594545166,0.10413299999999999,194.0,223.733766,125.708653,14.0,59.0,i5-07,i7-14,TGTTGG,TGCTTT,7.0,C,C3,G1,129705,414600,150509,129152,440036,4610162,414221,False,SA928,A73044A
12,SA928-A73044A-R07-C15,926,16791,5,334,5840,0.019560681581082647,417664.0,40612,34772,673,32850,0.0008850900862106269,0.000895,222.0,253.199342,141.590779,15.0,58.0,i5-07,i7-15,TGTTGG,CCTATT,7.0,C,C3,G1,1111,3070,7068,1107,3223,33269,3066,False,SA928,A73044A
13,SA928-A73044A-R07-C16,16384,2159869,3808,402279,79296,0.1864610820452008,5054129.0,4438853,4359557,808366,4262540,0.09218825756279042,0.09849,201.0,231.19977999999998,130.71463500000002,16.0,57.0,i5-07,i7-16,TGTTGG,TCTTCT,7.0,C,C3,G1,120667,386724,117788,120236,409570,4296765,386415,False,SA928,A73044A
14,SA928-A73044A-R07-C17,17126,2293353,4094,436047,84996,0.1903492568799209,5240018.0,4713824,4628828,876188,4525528,0.09444261260070036,0.101106,188.0,216.34663500000002,120.618278,17.0,56.0,i5-07,i7-17,TGTTGG,ATAGAT,7.0,C,C2,G1,127052,412493,125325,126633,438536,4562691,412219,False,SA928,A73044A
15,SA928-A73044A-R07-C18,18101,2006225,3737,344127,79539,0.1717221789278935,5159037.0,4131229,4051690,691991,3958240,0.08641713801523612,0.092278,199.0,229.366679,128.907328,18.0,55.0,i5-07,i7-18,TGTTGG,CGCCTG,7.0,C,C3,G1,110690,355203,116201,110325,376046,3993084,354887,False,SA928,A73044A
16,SA928-A73044A-R07-C19,22034,2397539,4856,434160,101324,0.18129493356185197,5794666.0,4944358,4843034,873176,4730740,0.09837846926090486,0.105728,186.0,213.558709,118.691524,19.0,54.0,i5-07,i7-19,TGTTGG,CTAAGG,7.0,C,C2,G1,133111,432463,147303,132608,460030,4770171,432137,False,SA928,A73044A
17,SA928-A73044A-R07-C20,1148,9713,1,146,17142,0.01424127539613104,319844.0,37933,20791,293,18920,0.0003509847760758294,0.000352,156.0,182.660377,129.554298,20.0,53.0,i5-07,i7-20,TGTTGG,TTATTC,7.0,C,C5,G2,1071,2033,21126,960,2120,16465,2021,True,SA928,A73044A
18,SA928-A73044A-R07-C21,17623,2147228,3661,358330,85539,0.16708390546648147,5696768.0,4421932,4336393,720321,4235692,0.09445553608260844,0.102123,213.0,245.83808599999998,140.227867,21.0,52.0,i5-07,i7-21,TGTTGG,TGGAGC,7.0,C,C1,G2,126543,389047,124593,126131,411479,4272180,388758,False,SA928,A73044A
19,SA928-A73044A-R07-C22,13831,1656563,2789,283660,63303,0.1713965644882095,4268253.0,3407462,3344159,570109,3272980,0.07472779400049286,0.079661,219.0,253.41015,146.240398,22.0,51.0,i5-07,i7-22,TGTTGG,CTTCGA,7.0,C,C1,G2,94416,300116,92695,94114,316321,3296877,299856,False,SA928,A73044A
20,SA928-A73044A-R07-C23,1543,19584,6,378,9589,0.018717299992630984,500769.0,50549,40960,762,38400,0.000982247107883801,0.000992,214.0,242.718972,135.132246,23.0,50.0,i5-07,i7-23,TGTTGG,GGAGAA,7.0,C,C1,G2,1120,3384,11533,1107,3529,38735,3367,True,SA928,A73044A
21,SA928-A73044A-R07-C24,16099,2153955,3651,379637,66463,0.17647488707817213,5369978.0,4412742,4346279,762925,4255052,0.09538715915109283,0.10282899999999999,218.0,250.730875,142.886079,24.0,49.0,i5-07,i7-24,TGTTGG,TTTCAC,7.0,C,C1,G2,119113,380675,101600,118763,402299,4288054,380363,False,SA928,A73044A
22,SA928-A73044A-R07-C25,20619,2525760,4682,434247,87127,0.1721829784238957,6477804.0,5186959,5099832,873176,4982196,0.1090890826617476,0.11882899999999999,210.0,241.98465499999998,137.865095,25.0,48.0,i5-07,i7-25,TGTTGG,GATCTG,7.0,C,C1,G2,143935,451479,130194,143511,477642,5028152,451120,False,SA928,A73044A
23,SA928-A73044A-R07-C26,21054,2536045,4718,455980,106546,0.1800137596737889,6179787.0,5227792,5121246,916678,5004114,0.10930896581212922,0.119101,213.0,245.486773,139.938861,26.0,47.0,i5-07,i7-26,TGTTGG,GCATTT,7.0,C,C1,G2,144925,454478,153589,144418,480660,5045114,454149,False,SA928,A73044A
24,SA928-A73044A-R07-C27,16573,2044916,3686,349238,78637,0.17102989110913314,5284738.0,4207570,4128933,702162,4036262,0.09085314421143256,0.09782,216.0,249.05000800000002,142.375867,27.0,46.0,i5-07,i7-27,TGTTGG,GTTTGT,7.0,C,C1,G2,118566,366016,114217,118168,386818,4069997,365721,False,SA928,A73044A
25,SA928-A73044A-R07-C28,19666,2514361,4805,444826,75352,0.17720765519607448,6241517.0,5151281,5075929,894457,4962126,0.10865428881053678,0.118306,212.0,245.44516800000002,140.619303,28.0,45.0,i5-07,i7-28,TGTTGG,CTATCT,7.0,C,C1,G2,141321,449725,117001,140885,475472,5005788,449363,False,SA928,A73044A
26,SA928-A73044A-R07-C29,20014,2732282,4789,479525,95088,0.17576028638848787,6844616.0,5610738,5515650,963839,5387578,0.11468466234824612,0.125541,201.0,232.05792999999997,132.634043,29.0,44.0,i5-07,i7-29,TGTTGG,GCTCAT,7.0,C,C1,G2,159620,500482,143379,159103,530808,5435240,500144,False,SA928,A73044A
27,SA928-A73044A-R07-C30,22271,2746370,5355,483850,99673,0.1764654685185578,6849934.0,5643989,5544316,973055,5419950,0.11649635174064145,0.127305,204.0,235.74029,133.374896,30.0,43.0,i5-07,i7-30,TGTTGG,GCCATG,7.0,C,C2,G2,153789,487936,148155,153285,516685,5465509,487582,False,SA928,A73044A
28,SA928-A73044A-R07-C31,691,7531,1,72,3175,0.009204595949977782,391346.0,19048,15873,145,14726,0.0003939454137571136,0.000397,211.0,242.36633799999998,137.92836,31.0,42.0,i5-07,i7-31,TGTTGG,TTCTCG,7.0,C,C1,G2,516,1428,3720,513,1482,15200,1424,False,SA928,A73044A
29,SA928-A73044A-R07-C32,14389,1656008,3407,287969,59401,0.17419075548527616,4192346.0,3403958,3344557,579345,3267202,0.0736937293955038,0.078718,220.0,254.12378199999998,145.992859,32.0,41.0,i5-07,i7-32,TGTTGG,TCCGTC,7.0,C,C1,G2,95222,294483,90320,94927,310654,3294772,294187,False,SA928,A73044A
30,SA928-A73044A-R07-C33,7728,905417,1470,149605,38972,0.16537242062684693,2429253.0,1867623,1828651,300680,1786470,0.04206027559504764,0.044186,228.0,262.816408,151.835521,33.0,40.0,i5-07,i7-33,TGTTGG,TGTGCC,7.0,C,C1,G2,54214,163118,56114,54049,171832,1801009,162963,False,SA928,A73044A
31,SA928-A73044A-R07-C34,15198,2034650,3420,332598,72352,0.1637317486751126,5525873.0,4178209,4105857,668616,4016300,0.08992153580373309,0.09689199999999999,208.0,237.957197,132.370265,34.0,39.0,i5-07,i7-34,TGTTGG,TGCCGA,7.0,C,C1,G2,114305,364368,107841,113957,384849,4048274,364087,False,SA928,A73044A
32,SA928-A73044A-R07-C35,16791,2415868,4055,440032,60637,0.1823797206863033,5800135.0,4934678,4874041,884119,4770484,0.1049973123936349,0.113995,214.0,247.052642,141.061555,35.0,38.0,i5-07,i7-35,TGTTGG,AAACCT,7.0,C,C1,G2,137086,431937,96186,136699,456534,4812111,431612,False,SA928,A73044A
33,SA928-A73044A-R07-C36,1032,3094,0,14,8266,0.003878116343490305,340854.0,15520,7254,28,5974,9.545497435707766e-05,9.6e-05,168.0,192.52733999999998,130.50016200000002,36.0,37.0,i5-07,i7-36,TGTTGG,GGCCAC,7.0,C,NTC,G1,145,420,9670,121,435,5786,415,True,SA928,A73044A
34,SA928-A73044A-R07-C37,20842,2354687,4580,430947,89496,0.18321235224776208,5622269.0,4845046,4755550,866474,4644706,0.09798534101137396,0.107825,202.0,233.278652,132.260872,37.0,36.0,i5-07,i7-37,TGTTGG,TCAAGT,7.0,C,C4,G1,128932,417025,128741,128588,441353,4690140,416667,False,SA928,A73044A
35,SA928-A73044A-R07-C38,775,1950,1,3,4173,0.001497326203208556,633099.0,8866,4693,7,3726,6.267415740576095e-05,6.3e-05,167.0,193.926423,118.02748100000001,38.0,35.0,i5-07,i7-38,TGTTGG,CGTACG,7.0,C,C5,S,121,305,4840,110,314,3992,301,True,SA928,A73044A
36,SA928-A73044A-R07-C39,941,5795,1,20,6093,0.003271885723405953,837617.0,18709,12616,41,11334,0.00025319350092165705,0.000254,185.0,216.119094,125.536414,39.0,34.0,i5-07,i7-39,TGTTGG,AGATGT,7.0,C,C1,S,383,1065,7138,376,1104,11468,1056,True,SA928,A73044A
37,SA928-A73044A-R07-C40,18250,2279422,3979,403621,89996,0.1772677161535245,5652606.0,4688091,4598095,811221,4508318,0.09918131862690076,0.106893,204.0,235.368369,132.914615,40.0,33.0,i5-07,i7-40,TGTTGG,GATGCT,7.0,C,C1,S,119631,419260,130710,119232,442340,4535519,418938,False,SA928,A73044A
38,SA928-A73044A-R07-C41,17389,2415586,4008,428893,82423,0.17777480782442462,5971713.0,4953647,4871224,861794,4776102,0.10262236995628346,0.11093199999999999,194.0,223.692585,126.254741,41.0,32.0,i5-07,i7-41,TGTTGG,AGGAAT,7.0,C,C2,S,127309,447385,121885,126876,473710,4808219,447074,False,SA928,A73044A
39,SA928-A73044A-R07-C42,20253,2324897,4720,434476,95661,0.18711160722793585,5419140.0,4786472,4690811,873672,4599922,0.10043109957775707,0.10839800000000001,207.0,239.002815,135.81536200000002,42.0,31.0,i5-07,i7-42,TGTTGG,AAAATG,7.0,C,C1,S,121896,426024,139235,121485,449238,4625578,425693,False,SA928,A73044A
40,SA928-A73044A-R07-C43,4193,14877,8,42,24607,0.0027101069313930537,2629861.0,58785,34178,92,27882,0.0005053213024060618,0.000508,171.0,199.281342,123.991381,43.0,30.0,i5-07,i7-43,TGTTGG,ATTCCG,7.0,C,C3,S,863,2146,29039,806,2232,29433,2126,True,SA928,A73044A
41,SA928-A73044A-R07-C44,14993,1983384,3537,374905,72963,0.1892341102341401,4562676.0,4073163,4000200,753347,3922938,0.08711452118517159,0.09336599999999999,213.0,245.50620099999998,139.937942,44.0,29.0,i5-07,i7-44,TGTTGG,TATATC,7.0,C,C1,S,105559,358069,106078,105210,377613,3947922,357811,False,SA928,A73044A
42,SA928-A73044A-R07-C45,7070,691569,1151,110872,31660,0.16035945700211768,1919831.0,1429457,1397797,222895,1365414,0.032200903669629126,0.033619,219.0,253.976941,147.5065,45.0,28.0,i5-07,i7-45,TGTTGG,CAGGCC,7.0,C,C1,S,41506,130660,44957,41347,137541,1376582,130540,False,SA928,A73044A
43,SA928-A73044A-R07-C46,813,4157,0,16,4597,0.003506080858989811,538633.0,13794,9197,32,8052,0.00016865627346891688,0.000169,200.0,229.469973,134.188623,46.0,27.0,i5-07,i7-46,TGTTGG,GGTAGA,7.0,C,C1,S,266,677,5522,261,708,8189,671,True,SA928,A73044A
44,SA928-A73044A-R07-C47,731,6889,0,26,4879,0.003583982355779172,910362.0,19562,14683,52,13420,0.00030722233308587546,0.000309,184.0,213.089673,121.56687600000001,47.0,26.0,i5-07,i7-47,TGTTGG,TTGACT,7.0,C,C1,S,536,1417,5824,531,1469,13549,1408,True,SA928,A73044A
45,SA928-A73044A-R07-C48,18348,2437683,4113,432126,89782,0.1774772698200181,6037351.0,5005056,4915274,868365,4822638,0.10569358692897726,0.11439400000000001,204.0,234.204966,131.48050600000002,48.0,25.0,i5-07,i7-48,TGTTGG,CGAAAC,7.0,C,C1,S,123687,447990,131873,123209,472367,4850701,447666,False,SA928,A73044A
46,SA928-A73044A-R07-C49,16082,2064232,3721,366635,76818,0.17785856400194375,5101198.0,4241980,4165162,736991,4080054,0.09030871421805013,0.097109,207.0,238.61050899999998,134.400556,49.0,24.0,i5-07,i7-49,TGTTGG,CGTGAT,7.0,C,C1,S,112679,389930,112229,112340,410163,4108414,389682,False,SA928,A73044A
47,SA928-A73044A-R07-C50,17485,2240330,3829,391315,84563,0.17487364235701605,5643098.0,4603306,4518743,786459,4430988,0.09727362203724968,0.10485,201.0,231.98595099999997,131.296563,50.0,23.0,i5-07,i7-50,TGTTGG,CTGATC,7.0,C,C1,S,118130,418137,125749,117638,441138,4456029,417847,False,SA928,A73044A
48,SA928-A73044A-R07-C51,26265,3239517,6017,570806,165059,0.1764476928731485,8078913.0,6699867,6534808,1147629,6405350,0.13328119397382132,0.146582,189.0,217.3102,120.603229,51.0,22.0,i5-07,i7-51,TGTTGG,GGGGTT,7.0,C,C1,S,165917,603169,233189,165134,637566,6435748,602731,False,SA928,A73044A
49,SA928-A73044A-R07-C52,15877,1878628,3433,326391,77041,0.17394960633510667,4760891.0,3867501,3790460,656215,3714026,0.08326061517108015,0.089287,213.0,245.325343,139.658224,52.0,21.0,i5-07,i7-52,TGTTGG,CTGGGT,7.0,C,C1,S,98426,339712,112369,98077,357427,3737061,339441,False,SA928,A73044A
50,SA928-A73044A-R07-C53,2302,154803,235,24313,11768,0.1566711979173346,439786.0,325143,313375,48861,306086,0.007372511150376036,0.007551,222.0,255.168013,145.507382,53.0,20.0,i5-07,i7-53,TGTTGG,AGCGCT,7.0,C,C1,S,8623,28996,15610,8583,30478,307995,28976,False,SA928,A73044A
51,SA928-A73044A-R07-C54,944,4284,2,12,5860,0.002733389402859545,763265.0,15555,9695,26,8272,0.00015724075800987194,0.00015800000000000002,177.0,205.40759599999998,116.07545900000001,54.0,19.0,i5-07,i7-54,TGTTGG,CTTTTG,7.0,C,C1,S,756,1487,6810,750,1509,8540,1474,True,SA928,A73044A
52,SA928-A73044A-R07-C55,1222,10626,0,34,7636,0.003025718608169441,1656924.0,30305,22669,68,20720,0.0004866103011171528,0.000489,187.0,218.71019500000003,126.92903799999999,55.0,18.0,i5-07,i7-55,TGTTGG,TGTTGG,7.0,C,C5,D,972,2278,9025,966,2377,21070,2274,True,SA928,A73044A
53,SA928-A73044A-R07-C56,6144,479784,905,84831,87424,0.17664583229782793,1191744.0,1057183,969759,170567,950534,0.014859989383574112,0.015506,119.0,130.184749,62.73471800000001,56.0,17.0,i5-07,i7-56,TGTTGG,AGCTAG,7.0,C,C2,D,26226,88559,122187,25496,97567,930115,88483,False,SA928,A73044A
54,SA928-A73044A-R07-C57,14182,1983070,3603,368375,73512,0.18603846623464126,4654580.0,4076129,4002617,740353,3911660,0.08210179042800794,0.08770399999999999,187.0,216.477079,121.80205900000001,57.0,16.0,i5-07,i7-57,TGTTGG,AGCATC,7.0,C,C2,D,114510,357348,108882,114150,380649,3944238,357090,False,SA928,A73044A
55,SA928-A73044A-R07-C58,14781,1905067,3364,333761,71527,0.1754386698789385,4782249.0,3918797,3847270,670886,3757008,0.08272475719901462,0.088988,207.0,240.55927799999998,139.183309,58.0,15.0,i5-07,i7-58,TGTTGG,CGATTA,7.0,C,C2,D,113362,344154,105668,113014,364576,3790040,343879,False,SA928,A73044A
56,SA928-A73044A-R07-C59,14483,1925198,3503,361580,62075,0.1880449556118057,4461640.0,3948940,3886865,726663,3794896,0.07917199068853198,0.084313,185.0,213.60274700000002,120.184327,59.0,14.0,i5-07,i7-59,TGTTGG,CATTCA,7.0,C,C2,D,110437,348853,94443,110056,371628,3831821,348631,False,SA928,A73044A
57,SA928-A73044A-R07-C60,14710,2085070,3539,374915,80280,0.18005400432512514,5080547.0,4323266,4242986,753369,4088528,0.08747232846223041,0.09339,190.0,219.912894,124.8365,60.0,13.0,i5-07,i7-60,TGTTGG,GGAACT,7.0,C,C2,D,119579,375452,121175,119050,399173,4143009,375167,False,SA928,A73044A
58,SA928-A73044A-R07-C61,15800,2145876,3889,391437,69598,0.18267707505330166,5143081.0,4400549,4330951,786763,4234920,0.08975720655621379,0.09612899999999999,190.0,220.18325,124.57605900000001,61.0,12.0,i5-07,i7-61,TGTTGG,ACATCG,7.0,C,C2,D,117358,390644,106651,116944,414786,4269687,390366,False,SA928,A73044A
59,SA928-A73044A-R07-C62,3640,421506,697,74660,17524,0.17722157391702847,1044897.0,869144,851620,150017,830980,0.01850860321894365,0.019152000000000002,194.0,224.757337,128.177514,62.0,11.0,i5-07,i7-62,TGTTGG,AAGCTA,7.0,C,C2,D,25342,77968,25410,25252,82592,838575,77889,False,SA928,A73044A
60,SA928-A73044A-R07-C63,2514,189285,98,7666,13926,0.04050025716115082,2273895.0,397759,383833,15430,372482,0.009280799058352305,0.009559,180.0,202.742929,105.99942800000001,63.0,10.0,i5-07,i7-63,TGTTGG,CAAGTT,7.0,C,C2,D,11133,34514,18466,11090,36609,376448,34476,False,SA928,A73044A
61,SA928-A73044A-R07-C64,14685,2011913,3400,345324,94403,0.17188859953581906,5169782.0,4155039,4060636,694048,3970060,0.08321479009527827,0.08869099999999999,180.0,206.318217,113.20692700000001,64.0,9.0,i5-07,i7-64,TGTTGG,GCCGGT,7.0,C,C2,D,110435,360777,136771,109966,384037,3995267,360476,False,SA928,A73044A
62,SA928-A73044A-R07-C65,7555,962692,1553,155757,40133,0.16199528283096362,2645080.0,1983854,1943721,313067,1898452,0.0432817748445919,0.045401,206.0,238.312286,136.852892,65.0,8.0,i5-07,i7-65,TGTTGG,CGGCCT,7.0,C,C2,D,55615,170622,59077,55388,180703,1913588,170493,False,SA928,A73044A
63,SA928-A73044A-R07-C66,18285,2322446,4767,428394,79465,0.1847926853301944,5495500.0,4767524,4688059,861555,4584088,0.0965663131668562,0.10401700000000001,192.0,222.49741,126.25842,66.0,7.0,i5-07,i7-66,TGTTGG,TAGTTG,7.0,C,C2,D,129938,426126,120234,129537,452698,4621577,425828,False,SA928,A73044A
64,SA928-A73044A-R07-C67,8532,744126,1520,124544,58448,0.16745635976867734,1967579.0,1567023,1508575,250608,1466544,0.024965315872826254,0.026233999999999997,130.0,145.95641799999999,70.382917,67.0,6.0,i5-07,i7-67,TGTTGG,GCGTGG,7.0,C,C2,D,50865,145363,83554,50518,159102,1471135,145223,False,SA928,A73044A
65,SA928-A73044A-R07-C68,13421,1434385,2744,245533,66547,0.17136546467600516,3697176.0,2962697,2896150,493810,2834650,0.06262754867609842,0.066274,197.0,230.321148,133.906342,68.0,5.0,i5-07,i7-68,TGTTGG,GTATAG,7.0,C,C2,D,79233,257831,94651,78924,273665,2853477,257632,False,SA928,A73044A
66,SA928-A73044A-R07-C69,7433,886276,1508,155266,50911,0.1753329381989174,2224791.0,1839103,1788192,312040,1751286,0.03623097158093656,0.038058,170.0,194.144867,104.86628,69.0,4.0,i5-07,i7-69,TGTTGG,CCTTGC,7.0,C,C2,D,44784,153346,72431,44513,163585,1758029,153230,False,SA928,A73044A
67,SA928-A73044A-R07-C70,11798,1387667,2575,241611,56156,0.17432938231845496,3508024.0,2859158,2803002,485797,2735856,0.059659964254150995,0.063036,194.0,224.624103,127.943367,70.0,3.0,i5-07,i7-70,TGTTGG,GCTGTA,7.0,C,C2,D,80298,247646,81421,80042,263274,2761293,247419,False,SA928,A73044A
68,SA928-A73044A-R08-C03,19230,2479532,4201,454683,90530,0.18353616720908808,5906888.0,5094523,5003993,913567,4889542,0.1014598412706208,0.111971,195.0,226.555441,130.957908,3.0,70.0,i5-08,i7-03,AGCTAG,GTCCTT,8.0,C,C4,G1,135409,441358,131852,134975,469281,4936093,441048,False,SA928,A73044A
69,SA928-A73044A-R08-C04,1392,38913,8,1765,49982,0.04468681360296902,416107.0,129531,79549,3538,76720,0.0015393715956765113,0.001565,151.0,172.823796,129.995898,4.0,69.0,i5-08,i7-04,AGCTAG,ATCAGT,8.0,C,C5,G1,2195,5608,67365,1735,5964,61351,5590,True,SA928,A73044A
70,SA928-A73044A-R08-C05,17249,2223358,3750,411149,96965,0.18507806400811835,5245701.0,4583464,4486499,826048,4388180,0.0941944795140407,0.101125,197.0,228.186425,129.883231,5.0,68.0,i5-08,i7-05,AGCTAG,TAGGAT,8.0,C,C1,G1,120146,393512,137298,119640,417779,4422681,393225,False,SA928,A73044A
71,SA928-A73044A-R08-C06,22193,2799096,4717,474025,123073,0.16955333131093334,7303336.0,5772983,5649910,952767,5521978,0.11566306867954687,0.12548399999999998,185.0,213.036352,118.76352299999999,6.0,67.0,i5-08,i7-06,AGCTAG,TGAGTG,8.0,C,C1,G1,153544,503669,175512,152945,536058,5566841,503299,False,SA928,A73044A
72,SA928-A73044A-R08-C07,31278,3664120,6507,585743,140186,0.16008888082072767,10204702.0,7540534,7400348,1177993,7222862,0.15151795272995933,0.169207,195.0,225.06603399999997,126.366297,7.0,66.0,i5-08,i7-07,AGCTAG,TTGCGG,8.0,C,C3,G1,205225,657089,204032,204580,697161,7294293,656553,False,SA928,A73044A
73,SA928-A73044A-R08-C08,18370,2279813,3801,416806,108862,0.18294926426322786,5449934.0,4712040,4603178,837413,4496450,0.09533968019912537,0.102395,192.0,221.53367599999999,125.068673,8.0,65.0,i5-08,i7-08,AGCTAG,GGTTTC,8.0,C,C1,G1,129771,412104,154027,129257,437893,4531872,411813,False,SA928,A73044A
74,SA928-A73044A-R08-C09,21247,2977268,4878,551478,97991,0.1854177101143064,7011049.0,6105180,6007189,1107834,5874492,0.11857352560771707,0.128186,177.0,202.612618,110.696273,9.0,64.0,i5-08,i7-09,AGCTAG,TAAGGC,8.0,C,C1,G1,162029,542668,145001,161502,578548,5927699,542277,False,SA928,A73044A
75,SA928-A73044A-R08-C10,13395,1471857,2404,254500,73613,0.1729669078819888,3750324.0,3046518,2972905,511404,2903712,0.0649670245803275,0.06877,205.0,236.82506,135.41478999999998,10.0,63.0,i5-08,i7-10,AGCTAG,TCGGGA,8.0,C,C1,G1,82544,264172,102461,82201,279179,2927599,263957,False,SA928,A73044A
76,SA928-A73044A-R08-C11,16719,2220198,3675,401573,92685,0.18104468922161526,5373224.0,4574142,4481457,806821,4378198,0.09315712914789773,0.09968400000000001,190.0,219.15349700000002,122.57919,11.0,62.0,i5-08,i7-11,AGCTAG,TTCGAA,8.0,C,C2,G1,123552,398941,133789,123065,423784,4415138,398693,False,SA928,A73044A
77,SA928-A73044A-R08-C12,20747,2690671,4500,479228,116213,0.17828103165275508,6627831.0,5546092,5429879,962956,5308448,0.11056786158241083,0.11906800000000001,184.0,211.02178199999997,116.46682,12.0,61.0,i5-08,i7-12,AGCTAG,GCGGAC,8.0,C,C3,G1,144843,480168,167979,144245,510953,5349252,479823,False,SA928,A73044A
78,SA928-A73044A-R08-C13,19736,2848654,4540,533958,90680,0.18761793682189606,6616903.0,5837687,5747007,1072456,5620694,0.11616194621791373,0.125327,184.0,211.852539,116.762153,13.0,60.0,i5-08,i7-13,AGCTAG,ATTGGC,8.0,C,C2,G1,153718,513812,134897,153176,546716,5671809,513462,False,SA928,A73044A
79,SA928-A73044A-R08-C14,23881,3135501,5606,605509,125789,0.19329604696385927,7036130.0,6454476,6328687,1216624,6184578,0.12449296761818715,0.134935,180.0,207.013845,114.098712,14.0,59.0,i5-08,i7-14,AGCTAG,TGCTTT,8.0,C,C2,G1,172259,570733,181658,171667,607401,6237838,570318,False,SA928,A73044A
80,SA928-A73044A-R08-C15,1086,25408,8,700,6934,0.0271280490154522,452610.0,59212,52278,1408,49802,0.0012641914552349671,0.001284,190.0,212.30571099999997,110.11216,15.0,58.0,i5-08,i7-15,AGCTAG,CCTATT,8.0,C,C2,G1,1497,4660,8318,1488,4906,50498,4655,False,SA928,A73044A
81,SA928-A73044A-R08-C16,20621,2929893,5006,568096,112683,0.19409540870215275,6544044.0,6023985,5911302,1141198,5780404,0.11857729622197233,0.128219,186.0,214.603533,119.56825800000001,16.0,57.0,i5-08,i7-16,AGCTAG,TCTTCT,8.0,C,C1,G1,160859,530516,165876,160220,564161,5826076,530172,False,SA928,A73044A
82,SA928-A73044A-R08-C17,19160,2674618,4606,529395,129118,0.1981042382119352,5832268.0,5525525,5396407,1063396,5277534,0.1099123586899345,0.118461,193.0,221.97677000000002,124.804942,17.0,56.0,i5-08,i7-17,AGCTAG,ATAGAT,8.0,C,C2,G1,146595,480403,183132,145927,509373,5313211,480048,False,SA928,A73044A
83,SA928-A73044A-R08-C18,23981,2962528,5142,503798,126713,0.17026554045637976,7693092.0,6107965,5981252,1012738,5842168,0.1260293299132254,0.13851,206.0,237.653034,135.47108,18.0,55.0,i5-08,i7-18,AGCTAG,CGCCTG,8.0,C,C3,G1,168151,532663,184296,167536,563336,5890276,532280,False,SA928,A73044A
84,SA928-A73044A-R08-C19,23934,2780181,5429,525491,124556,0.18919967709448066,6395785.0,5737932,5613376,1056411,5483758,0.11347936186977466,0.12245,188.0,217.01089100000002,121.41721000000001,19.0,54.0,i5-08,i7-19,AGCTAG,CTAAGG,8.0,C,C1,G1,148603,496913,178367,148009,527676,5529331,496528,False,SA928,A73044A
85,SA928-A73044A-R08-C20,1224,13035,2,511,32244,0.037517403092254716,161879.0,59766,27522,1024,25516,0.00040808539174735887,0.000411,130.0,156.742091,130.384334,20.0,53.0,i5-08,i7-20,AGCTAG,TTATTC,8.0,C,C5,G2,1307,2407,40234,1048,2489,19021,2390,True,SA928,A73044A
86,SA928-A73044A-R08-C21,23019,3086368,5325,544226,103531,0.17655782063687153,7690034.0,6334120,6230589,1093777,6085698,0.1307718229597975,0.14390999999999998,206.0,237.22429300000002,134.607982,21.0,52.0,i5-08,i7-21,AGCTAG,TGGAGC,8.0,C,C1,G2,174132,556959,153723,173594,589167,6144434,556541,False,SA928,A73044A
87,SA928-A73044A-R08-C22,17695,2178902,3914,393833,77673,0.1809370771196611,5277422.0,4471424,4393751,791580,4310452,0.09642301481530643,0.103984,216.0,250.20900099999997,144.77559,22.0,51.0,i5-08,i7-22,AGCTAG,CTTCGA,8.0,C,C3,G2,107221,384928,114542,106788,406073,4337756,384628,False,SA928,A73044A
88,SA928-A73044A-R08-C23,1801,28967,13,662,11881,0.02241566920565833,624974.0,71904,60023,1337,56972,0.0014808649409177716,0.001498,212.0,240.436129,132.831255,23.0,50.0,i5-08,i7-23,AGCTAG,GGAGAA,8.0,C,C1,G2,1465,4816,14272,1455,5027,57315,4800,False,SA928,A73044A
89,SA928-A73044A-R08-C24,21640,3117803,5338,577668,91996,0.1855202752137282,7339576.0,6376316,6284320,1160674,6169446,0.13170509955538126,0.144954,204.0,235.640142,134.893173,24.0,49.0,i5-08,i7-24,AGCTAG,TTTCAC,8.0,C,C2,G2,159524,565228,139809,158965,597618,6208293,564830,False,SA928,A73044A
90,SA928-A73044A-R08-C25,25571,3522214,6126,637064,126017,0.1811097851640432,8524470.0,7236043,7110026,1280254,6943798,0.1450413335226841,0.161219,200.0,230.970373,130.178224,25.0,48.0,i5-08,i7-25,AGCTAG,GATCTG,8.0,C,C2,G2,199416,635560,186800,198754,673314,7007919,635131,False,SA928,A73044A
91,SA928-A73044A-R08-C26,5956,31020,15,824,72508,0.024457321018883458,573497.0,140970,68462,1663,59448,0.0008578978208447706,0.000865,139.0,162.600069,124.42851499999999,26.0,47.0,i5-08,i7-26,AGCTAG,GCATTT,8.0,C,C3,G2,2046,4110,90529,1634,4268,49505,4063,True,SA928,A73044A
92,SA928-A73044A-R08-C27,20523,2487197,4360,448102,104709,0.18032291627668687,6046615.0,5126440,5021731,900564,4907790,0.10778436391006196,0.117151,212.0,245.096429,140.919012,27.0,46.0,i5-08,i7-27,AGCTAG,GTTTGT,8.0,C,C1,G2,142469,449253,149895,141967,474495,4948710,448894,False,SA928,A73044A
93,SA928-A73044A-R08-C28,24535,3551601,6235,661541,94185,0.18652357683792206,8309727.0,7254704,7160519,1329317,7016838,0.14711351190183095,0.163118,201.0,231.640596,130.902118,28.0,45.0,i5-08,i7-28,AGCTAG,CTATCT,8.0,C,C1,G2,180376,631225,145552,179788,668605,7075141,630756,False,SA928,A73044A
94,SA928-A73044A-R08-C29,21293,2928957,4818,526710,91535,0.18002257787487327,7135757.0,6003119,5911584,1058238,5777772,0.12439132963232265,0.136548,207.0,239.324329,136.807943,29.0,44.0,i5-08,i7-29,AGCTAG,GCTCAT,8.0,C,C1,G2,164608,532086,137607,164126,562640,5832139,531730,False,SA928,A73044A
95,SA928-A73044A-R08-C30,22268,3113348,5315,562369,98218,0.18086277981438206,7546270.0,6377718,6279500,1130053,6150066,0.1322740776368491,0.145313,205.0,237.015873,134.31614199999999,30.0,43.0,i5-08,i7-30,AGCTAG,GCCATG,8.0,C,C1,G2,169279,556853,148463,168751,589136,6197629,556475,False,SA928,A73044A
96,SA928-A73044A-R08-C31,963,15141,1,172,4779,0.011041766682669226,661367.0,36245,31466,345,29726,0.0008002945496902265,0.0008089999999999999,210.0,237.288454,129.274408,31.0,42.0,i5-08,i7-31,AGCTAG,TTCTCG,8.0,C,C2,G2,909,2869,5669,903,2972,30336,2859,False,SA928,A73044A
97,SA928-A73044A-R08-C32,16309,2197199,3764,389925,67301,0.17768988055656385,5434796.0,4498903,4431602,783614,4341440,0.09608596476623198,0.103923,213.0,247.072994,142.05983899999995,32.0,41.0,i5-08,i7-32,AGCTAG,TCCGTC,8.0,C,C2,G2,117984,392124,104010,117560,413924,4373141,391837,False,SA928,A73044A
98,SA928-A73044A-R08-C33,8561,1071550,1560,180904,45921,0.16890207146943687,2805617.0,2208666,2162745,363368,2117330,0.04957958902456961,0.052197,223.0,259.479245,152.071737,33.0,40.0,i5-08,i7-33,AGCTAG,TGTGCC,8.0,C,C1,G2,64665,199638,65607,64461,210262,2131524,199476,False,SA928,A73044A
99,SA928-A73044A-R08-C34,18187,2636986,3991,440905,84881,0.16740672379646945,6980628.0,5401430,5316549,885801,5210474,0.11411117118848667,0.12441400000000001,201.0,230.62282000000002,128.44614199999998,34.0,39.0,i5-08,i7-34,AGCTAG,TGCCGA,8.0,C,C1,G2,134955,467298,127162,134477,494825,5248901,466981,False,SA928,A73044A
